Train Accuracy,Train Loss,Evaluation Loss,Evaluation Accuracy,Query Times,Training Times,Cluster Coverage,Log Loss,Diversity Metrics,Entropy Reduction,MAE,Model Confidence,Data Percentage,Data Count,EPOCHS,Top 1 Error,Top 5 Error
10.07,2.32,2.31,10.18,-1.0,7.34,-1,2.31,-1.0,2.3,0.18,0.12,22.22,10000,10,0.9,0.49
13.2,2.26,2.01,23.28,10.78,10.92,10,2.0,0.009999999776482582,2.01,0.17,0.22,33.33,15000,20,0.77,0.21
29.12,1.82,1.61,39.1,9.28,14.53,10,1.59,0.3100000023841858,1.59,0.15,0.39,44.44,20000,30,0.61,0.1
43.06,1.51,1.35,49.76,7.64,18.24,10,1.33,0.5699999928474426,1.26,0.12,0.52,55.56,25000,40,0.5,0.05
53.91,1.24,1.05,62.4,6.38,21.79,10,1.03,0.7099999785423279,0.99,0.1,0.63,66.67,30000,50,0.38,0.03
63.49,1.01,0.93,68.9,4.72,25.46,10,0.9,0.7900000214576721,0.76,0.08,0.72,77.78,35000,60,0.31,0.03
73.23,0.76,0.96,69.18,3.19,28.96,10,0.93,0.8399999737739563,0.61,0.07,0.78,88.89,40000,70,0.31,0.03
83.0,0.5,0.87,73.76,1.69,32.26,10,0.85,0.8299999833106995,0.43,0.06,0.84,100.0,45000,80,0.26,0.02
