Train Accuracy,Train Loss,Evaluation Loss,Evaluation Accuracy,Query Times,Training Times,Cluster Coverage,Log Loss,Diversity Metrics,Entropy Reduction,MAE,Model Confidence,Data Percentage,Data Count,EPOCHS,Top 1 Error,Top 5 Error
34.2,1.82,1.45,48.4,-1.0,1.52,-1,1.45,-1.0,1.55,0.14,0.44,22.22,10000,10,0.52,0.08
60.9,1.13,1.2,57.18,4.04,2.23,10,1.21,0.6200000047683716,1.25,0.11,0.54,33.33,15000,20,0.43,0.05
72.3,0.82,1.04,63.6,3.5,3.1,10,1.04,0.6600000262260437,1.03,0.1,0.63,44.44,20000,30,0.36,0.04
79.11,0.63,0.88,68.58,2.92,3.63,10,0.88,0.6899999976158142,0.85,0.08,0.69,55.56,25000,40,0.31,0.03
83.0,0.52,0.82,71.84,2.28,4.33,10,0.83,0.699999988079071,0.72,0.07,0.74,66.67,30000,50,0.28,0.02
84.71,0.45,0.76,74.32,1.72,5.05,10,0.77,0.6899999976158142,0.59,0.07,0.78,77.78,35000,60,0.26,0.02
85.58,0.42,0.73,76.08,1.2,5.69,10,0.73,0.6600000262260437,0.51,0.06,0.82,88.89,40000,70,0.24,0.02
85.68,0.41,0.69,77.9,0.67,6.44,10,0.7,0.6499999761581421,0.42,0.05,0.84,100.0,45000,80,0.22,0.01
