Train Accuracy,Train Loss,Evaluation Loss,Evaluation Accuracy,Query Times,Training Times,Cluster Coverage,Log Loss,Diversity Metrics,Entropy Reduction,MAE,Model Confidence,Data Percentage,Data Count,EPOCHS,Top 1 Error,Top 5 Error
31.81,1.87,1.54,43.7,-1.0,1.51,-1,1.54,-1.0,1.58,0.14,0.42,22.22,10000,10,0.56,0.08
57.72,1.23,1.24,55.8,3.95,2.22,10,1.24,0.5899999737739563,1.31,0.12,0.53,33.33,15000,20,0.44,0.05
70.62,0.88,1.03,62.92,3.43,2.92,10,1.03,0.6600000262260437,1.03,0.1,0.63,44.44,20000,30,0.37,0.03
78.49,0.66,0.9,67.98,2.87,3.61,10,0.9,0.7099999785423279,0.84,0.08,0.7,55.56,25000,40,0.32,0.02
82.66,0.53,0.82,71.46,2.3,4.31,10,0.81,0.699999988079071,0.69,0.07,0.75,66.67,30000,50,0.29,0.02
84.32,0.47,0.76,74.08,1.7,5.0,10,0.75,0.699999988079071,0.62,0.07,0.78,77.78,35000,60,0.26,0.02
85.08,0.44,0.72,75.92,1.21,5.68,10,0.71,0.6800000071525574,0.54,0.06,0.8,88.89,40000,70,0.24,0.01
85.23,0.42,0.68,77.9,0.63,6.39,10,0.68,0.6399999856948853,0.47,0.05,0.83,100.0,45000,80,0.22,0.01
