Train Accuracy,Train Loss,Evaluation Loss,Evaluation Accuracy,Query Times,Training Times,Cluster Coverage,Log Loss,Diversity Metrics,Entropy Reduction,MAE,Model Confidence,Data Percentage,Data Count,EPOCHS,Top 1 Error,Top 5 Error
15.04,2.23,2.06,25.3,-1.0,31.31,-1,2.06,-1.0,2.02,0.17,0.24,22.22,10000,10,0.75,0.24
33.46,1.78,1.55,43.68,33.02,46.69,10,1.55,0.2800000011920929,1.43,0.14,0.46,33.33,15000,20,0.56,0.08
47.1,1.41,1.17,57.8,29.05,62.29,10,1.17,0.6399999856948853,1.02,0.1,0.62,44.44,20000,30,0.42,0.04
57.49,1.16,0.91,68.06,23.61,77.81,10,0.91,0.7699999809265137,0.86,0.08,0.69,55.56,25000,40,0.32,0.03
65.58,0.94,0.78,73.58,18.96,92.76,10,0.78,0.8199999928474426,0.65,0.07,0.77,66.67,30000,50,0.26,0.02
73.37,0.74,0.62,79.24,14.06,108.78,10,0.62,0.8500000238418579,0.54,0.06,0.81,77.78,35000,60,0.21,0.01
81.33,0.53,0.55,82.02,9.47,123.56,10,0.55,0.8600000143051147,0.43,0.05,0.85,88.89,40000,70,0.18,0.01
87.47,0.36,0.53,83.44,4.79,139.9,10,0.52,0.8500000238418579,0.33,0.04,0.88,100.0,45000,80,0.17,0.01
