Train Accuracy,Train Loss,Evaluation Loss,Evaluation Accuracy,Query Times,Training Times,Cluster Coverage,Log Loss,Diversity Metrics,Entropy Reduction,MAE,Model Confidence,Data Percentage,Data Count,EPOCHS,Top 1 Error,Top 5 Error
14.77,2.24,2.03,26.5,-1.0,31.15,-1,2.04,-1.0,1.98,0.17,0.26,22.22,10000,10,0.74,0.22
34.35,1.76,1.58,41.9,33.33,46.74,10,1.58,0.33000001311302185,1.42,0.14,0.47,33.33,15000,20,0.58,0.1
47.47,1.42,1.22,55.86,28.97,62.3,10,1.22,0.6299999952316284,1.09,0.11,0.6,44.44,20000,30,0.44,0.05
58.13,1.14,0.89,68.08,23.7,77.59,10,0.9,0.75,0.82,0.08,0.71,55.56,25000,40,0.32,0.02
66.45,0.92,0.71,75.02,19.05,93.27,10,0.71,0.8199999928474426,0.64,0.07,0.77,66.67,30000,50,0.25,0.02
73.91,0.73,0.61,79.28,14.12,108.37,10,0.61,0.8500000238418579,0.54,0.06,0.81,77.78,35000,60,0.21,0.01
81.81,0.52,0.53,82.2,9.91,123.79,10,0.54,0.8600000143051147,0.41,0.05,0.86,88.89,40000,70,0.18,0.01
87.94,0.35,0.53,83.32,4.47,139.62,10,0.53,0.8299999833106995,0.33,0.04,0.88,100.0,45000,80,0.17,0.01
