Train Accuracy,Train Loss,Evaluation Loss,Evaluation Accuracy,Query Times,Training Times,Cluster Coverage,Log Loss,Diversity Metrics,Entropy Reduction,MAE,Model Confidence,Data Percentage,Data Count,EPOCHS,Top 1 Error,Top 5 Error
68.6,0.88,1.27,63.58,-1.0,4.63,-1,1.29,-1.0,0.52,0.08,0.81,22.22,10000,10,0.36,0.04
94.38,0.17,1.24,69.76,6.03,6.87,10,1.26,0.8399999737739563,0.32,0.06,0.88,33.33,15000,20,0.3,0.04
98.14,0.06,1.27,72.2,5.19,9.12,10,1.29,0.8600000143051147,0.26,0.06,0.91,44.44,20000,30,0.28,0.03
98.27,0.06,1.21,74.0,4.35,11.38,10,1.22,0.8600000143051147,0.23,0.06,0.91,55.56,25000,40,0.26,0.03
97.84,0.07,1.01,76.62,3.47,13.6,10,1.02,0.8500000238418579,0.22,0.05,0.92,66.67,30000,50,0.23,0.02
97.7,0.08,1.01,77.94,2.66,15.87,10,1.02,0.8500000238418579,0.2,0.05,0.93,77.78,35000,60,0.22,0.02
97.34,0.08,0.82,80.58,1.79,18.14,10,0.83,0.8399999737739563,0.19,0.04,0.93,88.89,40000,70,0.19,0.01
96.98,0.09,0.74,82.34,0.95,20.38,10,0.75,0.8100000023841858,0.16,0.04,0.94,100.0,45000,80,0.18,0.01
