Train Accuracy,Train Loss,Evaluation Loss,Evaluation Accuracy,Query Times,Training Times,Cluster Coverage,Log Loss,Diversity Metrics,Entropy Reduction,MAE,Model Confidence,Data Percentage,Data Count,EPOCHS,Top 1 Error,Top 5 Error
70.64,0.83,1.53,60.22,-1.0,4.63,-1,1.54,-1.0,0.47,0.08,0.83,22.22,10000,10,0.4,0.04
94.29,0.17,1.28,69.28,6.01,6.87,10,1.28,0.8399999737739563,0.31,0.06,0.89,33.33,15000,20,0.31,0.03
98.12,0.06,1.15,73.96,5.15,9.13,10,1.15,0.8600000143051147,0.23,0.05,0.91,44.44,20000,30,0.26,0.02
98.58,0.05,1.26,73.38,4.28,11.39,10,1.26,0.8700000047683716,0.23,0.06,0.91,55.56,25000,40,0.27,0.03
97.94,0.07,1.01,77.04,3.5,13.67,10,1.01,0.8500000238418579,0.21,0.05,0.92,66.67,30000,50,0.23,0.02
97.77,0.07,0.99,78.52,2.65,15.88,10,0.98,0.8500000238418579,0.19,0.05,0.93,77.78,35000,60,0.21,0.02
97.3,0.09,0.84,80.54,1.79,18.14,10,0.84,0.8299999833106995,0.18,0.04,0.94,88.89,40000,70,0.19,0.01
96.87,0.1,0.69,83.9,0.95,20.39,10,0.67,0.8299999833106995,0.17,0.03,0.94,100.0,45000,80,0.16,0.01
