Train Accuracy,Train Loss,Evaluation Loss,Evaluation Accuracy,Query Times,Training Times,Cluster Coverage,Log Loss,Diversity Metrics,Entropy Reduction,MAE,Model Confidence,Data Percentage,Data Count,EPOCHS,Top 1 Error,Top 5 Error
70.33,0.83,1.35,64.04,-1.0,4.63,-1,1.35,-1.0,0.44,0.08,0.84,22.22,10000,10,0.36,0.04
94.71,0.16,1.22,70.4,6.04,6.89,10,1.23,0.8500000238418579,0.31,0.06,0.89,33.33,15000,20,0.3,0.03
98.2,0.06,1.18,73.9,5.17,9.13,10,1.17,0.8600000143051147,0.24,0.06,0.91,44.44,20000,30,0.26,0.03
98.37,0.06,1.15,74.72,4.32,11.39,10,1.16,0.8600000143051147,0.24,0.05,0.91,55.56,25000,40,0.25,0.02
97.94,0.07,1.04,76.46,3.49,13.62,10,1.04,0.8500000238418579,0.21,0.05,0.92,66.67,30000,50,0.24,0.02
97.66,0.07,0.9,79.48,2.65,15.86,10,0.91,0.8399999737739563,0.18,0.04,0.93,77.78,35000,60,0.21,0.01
97.39,0.08,0.85,80.66,1.78,18.14,10,0.86,0.8299999833106995,0.18,0.04,0.94,88.89,40000,70,0.19,0.02
96.75,0.1,0.75,82.94,0.95,20.39,10,0.76,0.8399999737739563,0.16,0.04,0.94,100.0,45000,80,0.17,0.01
