Train Accuracy,Train Loss,Evaluation Loss,Evaluation Accuracy,Query Times,Training Times,Cluster Coverage,Log Loss,Diversity Metrics,Entropy Reduction,MAE,Model Confidence,Data Percentage,Data Count,EPOCHS,Top 1 Error,Top 5 Error
68.63,0.88,1.22,63.54,-1.0,4.62,-1,1.22,-1.0,0.56,0.08,0.8,22.22,10000,10,0.36,0.03
94.36,0.17,1.27,68.64,6.03,6.87,10,1.27,0.8399999737739563,0.34,0.07,0.88,33.33,15000,20,0.31,0.03
98.1,0.06,1.3,71.8,5.25,9.22,10,1.3,0.8500000238418579,0.24,0.06,0.91,44.44,20000,30,0.28,0.03
98.4,0.06,1.26,73.26,4.46,11.55,10,1.26,0.8600000143051147,0.24,0.06,0.91,55.56,25000,40,0.27,0.03
97.83,0.07,1.1,74.96,3.64,13.84,10,1.1,0.8399999737739563,0.23,0.05,0.92,66.67,30000,50,0.25,0.02
97.67,0.08,0.95,78.18,2.71,16.12,10,0.95,0.8500000238418579,0.2,0.05,0.93,77.78,35000,60,0.22,0.02
97.38,0.08,0.84,80.48,1.91,18.36,10,0.85,0.8299999833106995,0.19,0.04,0.93,88.89,40000,70,0.2,0.01
96.76,0.1,0.76,81.94,0.99,20.65,10,0.76,0.8100000023841858,0.18,0.04,0.94,100.0,45000,80,0.18,0.01
