Train Accuracy,Train Loss,Evaluation Loss,Evaluation Accuracy,Query Times,Training Times,Cluster Coverage,Log Loss,Diversity Metrics,Entropy Reduction,MAE,Model Confidence,Data Percentage,Data Count,EPOCHS,Top 1 Error,Top 5 Error
68.58,0.88,1.66,52.8,-1.0,6.64,-1,1.66,-1.0,0.67,0.1,0.76,22.22,10000,10,0.47,0.06
94.96,0.16,1.29,66.28,8.24,9.87,10,1.3,0.8100000023841858,0.42,0.07,0.85,33.33,15000,20,0.34,0.04
98.52,0.06,1.23,68.76,7.1,13.13,10,1.23,0.8500000238418579,0.36,0.07,0.87,44.44,20000,30,0.31,0.03
98.53,0.06,1.12,71.08,5.98,16.38,10,1.13,0.8500000238418579,0.33,0.06,0.88,55.56,25000,40,0.29,0.03
98.06,0.07,1.04,74.32,4.77,19.63,10,1.05,0.8399999737739563,0.3,0.06,0.89,66.67,30000,50,0.26,0.03
97.95,0.07,0.96,75.8,3.6,22.87,10,0.97,0.8299999833106995,0.28,0.05,0.9,77.78,35000,60,0.24,0.02
97.72,0.08,0.85,78.04,2.41,26.12,10,0.86,0.8199999928474426,0.24,0.05,0.91,88.89,40000,70,0.22,0.02
97.31,0.09,0.77,80.9,1.29,29.4,10,0.77,0.8100000023841858,0.22,0.04,0.92,100.0,45000,80,0.19,0.01
