Train Accuracy,Train Loss,Evaluation Loss,Evaluation Accuracy,Query Times,Training Times,Cluster Coverage,Log Loss,Diversity Metrics,Entropy Reduction,MAE,Model Confidence,Data Percentage,Data Count,EPOCHS,Top 1 Error,Top 5 Error
69.52,0.87,1.58,56.4,-1.0,6.65,-1,1.57,-1.0,0.66,0.1,0.76,22.22,10000,10,0.44,0.06
95.82,0.14,1.35,65.88,8.34,9.9,10,1.34,0.8100000023841858,0.41,0.07,0.85,33.33,15000,20,0.34,0.04
98.54,0.06,1.29,68.48,7.14,13.14,10,1.29,0.8500000238418579,0.36,0.07,0.87,44.44,20000,30,0.32,0.04
98.32,0.06,1.15,72.62,5.92,16.42,10,1.15,0.8500000238418579,0.32,0.06,0.88,55.56,25000,40,0.27,0.03
98.16,0.07,1.06,73.96,4.74,19.62,10,1.07,0.8399999737739563,0.3,0.06,0.89,66.67,30000,50,0.26,0.03
98.06,0.07,0.97,76.52,3.59,22.78,10,0.97,0.8299999833106995,0.27,0.05,0.9,77.78,35000,60,0.23,0.02
97.83,0.07,0.87,78.56,2.4,26.12,10,0.86,0.8199999928474426,0.24,0.05,0.91,88.89,40000,70,0.21,0.02
97.41,0.09,0.85,79.32,1.31,29.39,10,0.85,0.8199999928474426,0.22,0.04,0.92,100.0,45000,80,0.21,0.02
