Train Accuracy,Train Loss,Evaluation Loss,Evaluation Accuracy,Query Times,Training Times,Cluster Coverage,Log Loss,Diversity Metrics,Entropy Reduction,MAE,Model Confidence,Data Percentage,Data Count,EPOCHS,Top 1 Error,Top 5 Error
68.04,0.9,1.48,58.24,-1.0,6.53,-1,1.48,-1.0,0.6,0.09,0.78,22.22,10000,10,0.42,0.05
95.45,0.15,1.37,65.58,8.07,9.74,10,1.38,0.8299999833106995,0.4,0.07,0.85,33.33,15000,20,0.34,0.04
98.48,0.06,1.22,69.4,6.9,12.94,10,1.22,0.8500000238418579,0.36,0.07,0.87,44.44,20000,30,0.31,0.03
98.43,0.06,1.13,71.5,5.77,16.17,10,1.13,0.8500000238418579,0.32,0.06,0.88,55.56,25000,40,0.28,0.03
98.1,0.07,1.07,73.94,4.66,19.36,10,1.07,0.8399999737739563,0.29,0.06,0.89,66.67,30000,50,0.26,0.02
97.8,0.08,0.97,76.66,3.53,22.57,10,0.97,0.8299999833106995,0.27,0.05,0.9,77.78,35000,60,0.23,0.02
97.78,0.08,0.87,78.92,2.37,25.78,10,0.87,0.8299999833106995,0.25,0.05,0.91,88.89,40000,70,0.21,0.02
97.35,0.09,0.79,80.72,1.24,28.98,10,0.79,0.8100000023841858,0.22,0.04,0.92,100.0,45000,80,0.19,0.02
