Train Accuracy,Train Loss,Evaluation Loss,Evaluation Accuracy,Query Times,Training Times,Cluster Coverage,Log Loss,Diversity Metrics,Entropy Reduction,MAE,Model Confidence,Data Percentage,Data Count,EPOCHS,Top 1 Error,Top 5 Error
10.09,2.32,2.31,9.74,-1.0,7.47,-1,2.31,-1.0,2.3,0.18,0.12,22.22,10000,10,0.9,0.49
14.86,2.2,1.95,23.42,11.29,11.14,10,1.95,0.009999999776482582,1.95,0.17,0.22,33.33,15000,20,0.77,0.19
30.26,1.78,1.62,37.06,9.5,14.74,10,1.61,0.3499999940395355,1.66,0.15,0.35,44.44,20000,30,0.63,0.1
47.85,1.4,1.31,50.14,7.82,18.28,10,1.3,0.5299999713897705,1.32,0.12,0.51,55.56,25000,40,0.5,0.06
61.77,1.07,1.06,61.26,6.61,21.83,10,1.05,0.6499999761581421,1.04,0.1,0.62,66.67,30000,50,0.39,0.03
71.5,0.83,0.94,67.44,4.76,25.64,10,0.92,0.6800000071525574,0.77,0.08,0.72,77.78,35000,60,0.33,0.03
77.01,0.67,0.87,71.02,3.2,29.11,10,0.85,0.6800000071525574,0.64,0.07,0.77,88.89,40000,70,0.29,0.02
80.72,0.56,0.91,71.48,1.81,32.77,10,0.89,0.6299999952316284,0.52,0.07,0.81,100.0,45000,80,0.29,0.02
