Train Accuracy,Train Loss,Evaluation Loss,Evaluation Accuracy,Query Times,Training Times,Cluster Coverage,Log Loss,Diversity Metrics,Entropy Reduction,MAE,Model Confidence,Data Percentage,Data Count,EPOCHS,Top 1 Error,Top 5 Error
10.28,2.32,2.31,10.04,-1.0,7.4,-1,2.31,-1.0,2.3,0.18,0.12,22.22,10000,10,0.9,0.5
15.63,2.18,1.9,23.48,10.98,11.09,10,1.89,0.009999999776482582,1.93,0.17,0.23,33.33,15000,20,0.77,0.17
32.54,1.76,1.55,41.74,9.56,14.67,10,1.54,0.36000001430511475,1.57,0.14,0.4,44.44,20000,30,0.58,0.08
51.12,1.34,1.24,54.24,7.83,18.36,10,1.23,0.5799999833106995,1.22,0.12,0.54,55.56,25000,40,0.46,0.05
63.76,1.02,1.16,59.44,6.49,21.87,10,1.15,0.6800000071525574,1.02,0.1,0.63,66.67,30000,50,0.41,0.04
71.6,0.82,0.95,67.08,4.94,25.42,10,0.94,0.699999988079071,0.78,0.08,0.72,77.78,35000,60,0.33,0.03
77.23,0.66,0.89,69.82,3.1,29.22,10,0.87,0.6700000166893005,0.67,0.07,0.76,88.89,40000,70,0.3,0.02
80.68,0.56,0.84,73.02,1.56,32.84,10,0.82,0.6499999761581421,0.5,0.06,0.82,100.0,45000,80,0.27,0.02
