Train Accuracy,Train Loss,Evaluation Loss,Evaluation Accuracy,Query Times,Training Times,Cluster Coverage,Log Loss,Diversity Metrics,Entropy Reduction,MAE,Model Confidence,Data Percentage,Data Count,EPOCHS,Top 1 Error,Top 5 Error
10.12,2.32,2.31,10.38,-1.0,7.47,-1,2.31,-1.0,2.3,0.18,0.12,22.22,10000,10,0.9,0.49
14.3,2.21,1.99,20.6,11.2,11.01,10,1.99,0.009999999776482582,2.02,0.17,0.21,33.33,15000,20,0.79,0.19
29.63,1.77,1.65,37.1,9.19,14.58,10,1.64,0.30000001192092896,1.7,0.15,0.34,44.44,20000,30,0.63,0.1
47.96,1.39,1.32,51.56,7.96,17.95,10,1.31,0.4699999988079071,1.3,0.12,0.5,55.56,25000,40,0.48,0.05
62.05,1.06,1.1,60.56,6.44,21.86,10,1.08,0.6200000047683716,0.99,0.1,0.64,66.67,30000,50,0.39,0.03
71.65,0.82,0.95,67.22,4.71,25.43,10,0.92,0.6700000166893005,0.78,0.08,0.71,77.78,35000,60,0.33,0.03
76.84,0.68,0.9,70.5,3.19,29.06,10,0.86,0.6499999761581421,0.6,0.07,0.78,88.89,40000,70,0.3,0.03
80.49,0.57,0.82,73.36,1.62,32.65,10,0.79,0.550000011920929,0.55,0.06,0.8,100.0,45000,80,0.27,0.02
