Train Accuracy,Train Loss,Evaluation Loss,Evaluation Accuracy,Query Times,Training Times,Cluster Coverage,Log Loss,Diversity Metrics,Entropy Reduction,MAE,Model Confidence,Data Percentage,Data Count,EPOCHS,Top 1 Error,Top 5 Error
33.05,1.84,1.55,43.78,-1.0,1.62,-1,1.54,-1.0,1.63,0.14,0.4,22.22,10000,10,0.56,0.09
52.44,1.32,1.18,57.98,4.06,2.35,10,1.18,0.5600000023841858,1.23,0.11,0.55,33.33,15000,20,0.42,0.04
63.54,1.03,0.97,65.58,3.79,3.1,10,0.97,0.7099999785423279,1.04,0.1,0.63,44.44,20000,30,0.34,0.03
71.59,0.81,0.84,69.84,3.18,3.82,10,0.84,0.7599999904632568,0.8,0.08,0.71,55.56,25000,40,0.3,0.02
77.57,0.65,0.74,74.16,2.41,4.58,10,0.74,0.800000011920929,0.65,0.07,0.76,66.67,30000,50,0.26,0.01
82.05,0.52,0.71,76.2,1.78,5.34,10,0.71,0.8299999833106995,0.52,0.06,0.81,77.78,35000,60,0.24,0.02
85.47,0.42,0.68,77.36,1.19,6.07,10,0.68,0.8500000238418579,0.48,0.06,0.83,88.89,40000,70,0.23,0.02
88.12,0.34,0.7,77.94,0.81,6.75,10,0.7,0.8500000238418579,0.41,0.05,0.85,100.0,45000,80,0.22,0.02
