Train Accuracy,Train Loss,Evaluation Loss,Evaluation Accuracy,Query Times,Training Times,Cluster Coverage,Log Loss,Diversity Metrics,Entropy Reduction,MAE,Model Confidence,Data Percentage,Data Count,EPOCHS,Top 1 Error,Top 5 Error
33.1,1.85,1.51,44.96,-1.0,1.51,-1,1.51,-1.0,1.55,0.14,0.44,22.22,10000,10,0.55,0.09
51.41,1.35,1.22,55.26,3.87,2.21,10,1.23,0.6100000143051147,1.26,0.12,0.55,33.33,15000,20,0.45,0.05
62.28,1.07,0.99,65.02,3.44,2.9,10,1.0,0.7099999785423279,0.99,0.09,0.64,44.44,20000,30,0.35,0.03
70.77,0.84,0.82,71.74,2.83,3.61,10,0.82,0.7599999904632568,0.77,0.08,0.72,55.56,25000,40,0.28,0.02
76.74,0.67,0.75,74.06,2.27,4.32,10,0.75,0.800000011920929,0.7,0.07,0.75,66.67,30000,50,0.26,0.02
81.55,0.53,0.68,77.2,1.73,5.04,10,0.68,0.8100000023841858,0.56,0.06,0.8,77.78,35000,60,0.23,0.02
85.15,0.43,0.69,78.06,1.21,5.7,10,0.69,0.8399999737739563,0.48,0.05,0.83,88.89,40000,70,0.22,0.02
88.07,0.35,0.68,79.88,0.64,6.41,10,0.69,0.8500000238418579,0.38,0.05,0.86,100.0,45000,80,0.2,0.02
