Train Accuracy,Train Loss,Evaluation Loss,Evaluation Accuracy,Query Times,Training Times,Cluster Coverage,Log Loss,Diversity Metrics,Entropy Reduction,MAE,Model Confidence,Data Percentage,Data Count,EPOCHS,Top 1 Error,Top 5 Error
32.61,1.86,1.56,44.04,-1.0,1.52,-1,1.56,-1.0,1.59,0.14,0.41,22.22,10000,10,0.56,0.09
51.74,1.34,1.23,57.0,3.85,2.21,10,1.23,0.5799999833106995,1.29,0.12,0.53,33.33,15000,20,0.43,0.05
62.4,1.06,0.99,65.02,3.35,2.91,10,1.0,0.6899999976158142,1.06,0.1,0.62,44.44,20000,30,0.35,0.03
70.59,0.84,0.85,70.44,2.79,3.59,10,0.85,0.75,0.78,0.08,0.72,55.56,25000,40,0.3,0.02
76.93,0.66,0.74,74.24,2.33,4.29,10,0.74,0.800000011920929,0.69,0.07,0.75,66.67,30000,50,0.26,0.02
81.59,0.53,0.69,76.34,1.74,4.97,10,0.7,0.8199999928474426,0.55,0.06,0.8,77.78,35000,60,0.24,0.02
85.23,0.43,0.68,77.18,1.21,5.7,10,0.68,0.8399999737739563,0.48,0.06,0.82,88.89,40000,70,0.23,0.01
88.04,0.35,0.71,77.86,0.69,6.36,10,0.72,0.8500000238418579,0.41,0.05,0.85,100.0,45000,80,0.22,0.01
