Train Accuracy,Train Loss,Evaluation Loss,Evaluation Accuracy,Query Times,Training Times,Cluster Coverage,Log Loss,Diversity Metrics,Entropy Reduction,MAE,Model Confidence,Data Percentage,Data Count,EPOCHS,Top 1 Error,Top 5 Error
12.36,2.29,2.17,21.46,-1.0,2.45,-1,2.17,-1.0,2.24,0.18,0.15,22.22,10000,10,0.79,0.28
34.4,1.75,1.55,42.96,19.77,3.63,10,1.55,0.09000000357627869,1.59,0.14,0.39,33.33,15000,20,0.57,0.09
47.39,1.41,1.19,56.52,16.95,4.77,10,1.19,0.5699999928474426,1.25,0.11,0.54,44.44,20000,30,0.43,0.05
57.46,1.16,0.97,66.08,14.18,5.95,10,0.97,0.7200000286102295,0.98,0.09,0.64,55.56,25000,40,0.34,0.04
66.45,0.93,0.72,74.64,11.36,7.12,10,0.73,0.7900000214576721,0.79,0.07,0.72,66.67,30000,50,0.25,0.02
73.52,0.74,0.59,79.94,8.54,8.28,10,0.59,0.8399999737739563,0.62,0.06,0.78,77.78,35000,60,0.2,0.01
81.12,0.54,0.55,81.0,5.73,9.44,10,0.55,0.8600000143051147,0.53,0.05,0.81,88.89,40000,70,0.19,0.01
87.14,0.37,0.48,83.68,2.92,10.6,10,0.48,0.8399999737739563,0.44,0.05,0.84,100.0,45000,80,0.16,0.01
