Train Accuracy,Train Loss,Evaluation Loss,Evaluation Accuracy,Query Times,Training Times,Cluster Coverage,Log Loss,Diversity Metrics,Entropy Reduction,MAE,Model Confidence,Data Percentage,Data Count,EPOCHS,Top 1 Error,Top 5 Error
14.54,2.24,2.0,26.34,-1.0,2.45,-1,2.0,-1.0,1.99,0.17,0.25,22.22,10000,10,0.74,0.22
35.02,1.75,1.49,44.96,19.88,3.62,10,1.49,0.33000001311302185,1.54,0.14,0.43,33.33,15000,20,0.55,0.08
47.22,1.42,1.16,59.38,17.0,4.77,10,1.15,0.6000000238418579,1.25,0.11,0.54,44.44,20000,30,0.41,0.04
57.28,1.17,0.89,68.92,14.2,5.94,10,0.89,0.7300000190734863,1.0,0.09,0.64,55.56,25000,40,0.31,0.02
65.78,0.94,0.7,75.64,11.37,7.1,10,0.7,0.800000011920929,0.73,0.07,0.74,66.67,30000,50,0.24,0.02
73.34,0.74,0.6,79.48,8.55,8.26,10,0.6,0.8500000238418579,0.6,0.06,0.79,77.78,35000,60,0.21,0.01
81.32,0.53,0.54,81.68,5.76,9.44,10,0.53,0.8600000143051147,0.52,0.05,0.82,88.89,40000,70,0.18,0.01
87.24,0.37,0.49,83.54,2.92,10.61,10,0.49,0.8399999737739563,0.39,0.04,0.86,100.0,45000,80,0.16,0.01
