Train Accuracy,Train Loss,Evaluation Loss,Evaluation Accuracy,Query Times,Training Times,Cluster Coverage,Log Loss,Diversity Metrics,Entropy Reduction,MAE,Model Confidence,Data Percentage,Data Count,EPOCHS,Top 1 Error,Top 5 Error
33.47,1.84,1.49,46.22,-1.0,1.54,-1,1.49,-1.0,1.57,0.14,0.42,22.22,10000,10,0.54,0.08
60.48,1.12,1.21,56.48,3.93,2.21,10,1.21,0.6000000238418579,1.32,0.12,0.52,33.33,15000,20,0.44,0.05
73.37,0.79,1.05,62.82,3.35,2.94,10,1.04,0.6499999761581421,1.04,0.1,0.63,44.44,20000,30,0.37,0.04
79.86,0.61,0.94,67.92,2.86,3.62,10,0.93,0.6800000071525574,0.86,0.08,0.69,55.56,25000,40,0.32,0.03
83.5,0.5,0.84,71.82,2.32,4.31,10,0.83,0.6899999976158142,0.74,0.08,0.73,66.67,30000,50,0.28,0.03
85.05,0.44,0.8,74.04,1.79,5.01,10,0.79,0.6499999761581421,0.58,0.07,0.79,77.78,35000,60,0.26,0.02
85.42,0.42,0.76,75.8,1.24,5.72,10,0.76,0.6499999761581421,0.53,0.06,0.81,88.89,40000,70,0.24,0.02
85.15,0.42,0.7,77.88,0.65,6.56,10,0.7,0.6499999761581421,0.45,0.05,0.83,100.0,45000,80,0.22,0.02
