Train Accuracy,Train Loss,Evaluation Loss,Evaluation Accuracy,Query Times,Training Times,Cluster Coverage,Log Loss,Diversity Metrics,Entropy Reduction,MAE,Model Confidence,Data Percentage,Data Count,EPOCHS,Top 1 Error,Top 5 Error
21.76,2.12,1.86,33.9,-1.0,1.53,-1,1.86,-1.0,1.9,0.16,0.31,22.22,10000,10,0.66,0.17
38.25,1.71,1.54,46.4,4.01,2.22,10,1.53,0.41999998688697815,1.51,0.14,0.45,33.33,15000,20,0.54,0.09
44.61,1.53,1.39,50.86,3.74,3.0,10,1.38,0.6399999856948853,1.32,0.12,0.52,44.44,20000,30,0.49,0.06
49.72,1.38,1.24,56.7,3.13,3.75,10,1.24,0.7200000286102295,1.16,0.11,0.58,55.56,25000,40,0.43,0.05
54.55,1.25,1.17,59.24,2.52,4.5,10,1.17,0.7900000214576721,1.08,0.11,0.61,66.67,30000,50,0.41,0.05
59.92,1.11,1.09,61.98,1.81,5.21,10,1.09,0.8100000023841858,0.97,0.1,0.65,77.78,35000,60,0.38,0.04
66.16,0.96,1.07,63.04,1.26,5.87,10,1.07,0.8299999833106995,0.9,0.09,0.68,88.89,40000,70,0.37,0.04
72.5,0.79,1.04,64.48,0.65,6.69,10,1.04,0.8399999737739563,0.79,0.09,0.71,100.0,45000,80,0.36,0.03
