Train Accuracy,Train Loss,Evaluation Loss,Evaluation Accuracy,Query Times,Training Times,Cluster Coverage,Log Loss,Diversity Metrics,Entropy Reduction,MAE,Model Confidence,Data Percentage,Data Count,EPOCHS,Top 1 Error,Top 5 Error
25.82,2.04,1.76,36.9,-1.0,1.54,-1,1.76,-1.0,1.86,0.16,0.31,22.22,10000,10,0.63,0.14
40.68,1.64,1.39,50.58,4.13,2.25,10,1.39,0.4399999976158142,1.46,0.13,0.46,33.33,15000,20,0.49,0.07
46.94,1.47,1.25,56.24,3.64,3.02,10,1.25,0.6600000262260437,1.27,0.12,0.54,44.44,20000,30,0.44,0.05
51.38,1.34,1.16,59.88,2.92,3.74,10,1.16,0.7400000095367432,1.16,0.11,0.58,55.56,25000,40,0.4,0.05
56.71,1.2,1.08,62.42,2.46,4.49,10,1.08,0.7900000214576721,1.04,0.1,0.62,66.67,30000,50,0.38,0.04
62.43,1.05,0.99,65.88,1.7,5.23,10,1.0,0.8199999928474426,0.87,0.09,0.69,77.78,35000,60,0.34,0.03
68.35,0.9,0.94,67.92,1.25,5.96,10,0.94,0.8399999737739563,0.81,0.08,0.71,88.89,40000,70,0.32,0.03
74.39,0.73,0.94,68.46,0.69,6.67,10,0.94,0.8399999737739563,0.7,0.08,0.75,100.0,45000,80,0.32,0.03
