Train Accuracy,Train Loss,Evaluation Loss,Evaluation Accuracy,Query Times,Training Times,Cluster Coverage,Log Loss,Diversity Metrics,Entropy Reduction,MAE,Model Confidence,Data Percentage,Data Count,EPOCHS,Top 1 Error,Top 5 Error
69.55,0.86,1.51,60.82,-1.0,4.64,-1,1.52,-1.0,0.45,0.08,0.84,22.22,10000,10,0.39,0.04
87.1,0.38,1.19,70.32,6.11,6.89,10,1.19,0.8299999833106995,0.32,0.06,0.88,33.33,15000,20,0.3,0.02
92.81,0.22,1.0,77.0,5.23,9.14,10,1.0,0.8600000143051147,0.23,0.05,0.92,44.44,20000,30,0.23,0.02
94.87,0.16,0.82,80.36,4.37,11.4,10,0.83,0.8799999952316284,0.2,0.04,0.93,55.56,25000,40,0.2,0.01
96.61,0.11,0.81,81.5,3.55,13.67,10,0.81,0.8899999856948853,0.17,0.04,0.94,66.67,30000,50,0.18,0.01
98.28,0.05,0.74,84.1,2.66,15.93,10,0.75,0.8899999856948853,0.14,0.03,0.95,77.78,35000,60,0.16,0.01
99.02,0.03,0.76,83.82,1.81,18.18,10,0.77,0.8799999952316284,0.13,0.03,0.95,88.89,40000,70,0.16,0.01
99.17,0.03,0.75,83.62,0.94,20.45,10,0.75,0.8500000238418579,0.14,0.03,0.95,100.0,45000,80,0.16,0.01
