Train Accuracy,Train Loss,Evaluation Loss,Evaluation Accuracy,Query Times,Training Times,Cluster Coverage,Log Loss,Diversity Metrics,Entropy Reduction,MAE,Model Confidence,Data Percentage,Data Count,EPOCHS,Top 1 Error,Top 5 Error
69.13,0.87,1.24,65.06,-1.0,4.69,-1,1.25,-1.0,0.51,0.08,0.82,22.22,10000,10,0.35,0.04
86.94,0.39,1.0,74.2,6.22,6.97,10,1.0,0.8399999737739563,0.29,0.06,0.89,33.33,15000,20,0.26,0.02
92.31,0.23,0.92,78.12,5.29,9.2,10,0.92,0.8700000047683716,0.24,0.05,0.91,44.44,20000,30,0.22,0.02
95.0,0.15,0.83,80.74,4.34,11.36,10,0.84,0.8799999952316284,0.19,0.04,0.93,55.56,25000,40,0.19,0.01
96.81,0.1,0.76,82.94,3.47,13.62,10,0.77,0.8899999856948853,0.15,0.04,0.94,66.67,30000,50,0.17,0.01
98.37,0.05,0.76,83.68,2.74,16.04,10,0.77,0.8899999856948853,0.14,0.03,0.95,77.78,35000,60,0.16,0.01
99.09,0.03,0.78,83.5,1.82,18.36,10,0.79,0.8799999952316284,0.13,0.03,0.95,88.89,40000,70,0.16,0.01
99.32,0.02,0.78,84.18,1.02,20.65,10,0.79,0.8500000238418579,0.13,0.03,0.95,100.0,45000,80,0.16,0.01
