Train Accuracy,Train Loss,Evaluation Loss,Evaluation Accuracy,Query Times,Training Times,Cluster Coverage,Log Loss,Diversity Metrics,Entropy Reduction,MAE,Model Confidence,Data Percentage,Data Count,EPOCHS,Top 1 Error,Top 5 Error
10.84,2.29,2.23,14.58,-1.0,2.46,-1,2.22,-1.0,2.26,0.18,0.14,22.22,10000,10,0.85,0.34
32.57,1.8,1.55,42.98,19.8,4.8,10,1.55,0.03999999910593033,1.64,0.14,0.39,44.44,20000,20,0.57,0.09
48.61,1.4,1.08,60.7,14.18,7.13,10,1.08,0.5199999809265137,1.17,0.11,0.57,66.67,30000,30,0.39,0.03
65.39,0.96,0.74,74.66,8.56,9.47,10,0.74,0.7200000286102295,0.83,0.08,0.71,88.89,40000,40,0.25,0.02
77.23,0.65,0.63,77.88,2.92,10.64,10,0.63,0.7599999904632568,0.66,0.06,0.77,100.0,45000,50,0.22,0.01
