Train Accuracy,Train Loss,Evaluation Loss,Evaluation Accuracy,Query Times,Training Times,Cluster Coverage,Log Loss,Diversity Metrics,Entropy Reduction,MAE,Model Confidence,Data Percentage,Data Count,EPOCHS,Top 1 Error,Top 5 Error
10.04,2.32,2.31,9.92,-1.0,1.56,-1,2.31,-1.0,2.3,0.18,0.12,22.22,10000,10,0.9,0.5
15.56,2.17,1.86,25.78,3.98,2.99,10,1.85,0.009999999776482582,1.89,0.16,0.25,44.44,20000,20,0.74,0.15
36.11,1.65,1.48,44.64,2.85,4.4,10,1.47,0.4000000059604645,1.47,0.14,0.43,66.67,30000,30,0.55,0.07
54.62,1.23,1.08,61.22,1.73,5.91,10,1.06,0.6000000238418579,1.04,0.1,0.61,88.89,40000,40,0.39,0.04
67.42,0.92,0.89,68.76,0.62,6.61,10,0.87,0.7599999904632568,0.81,0.08,0.71,100.0,45000,50,0.31,0.03
