Train Accuracy,Train Loss,Evaluation Loss,Evaluation Accuracy,Query Times,Training Times,Cluster Coverage,Log Loss,Diversity Metrics,Entropy Reduction,MAE,Model Confidence,Data Percentage,Data Count,EPOCHS,Top 1 Error,Top 5 Error
10.12,2.32,2.3,10.98,-1.0,7.36,-1,2.3,-1.0,2.3,0.18,0.12,22.22,10000,10,0.89,0.48
17.4,2.12,1.88,24.3,11.04,10.92,10,1.87,0.009999999776482582,1.92,0.16,0.24,33.33,15000,20,0.76,0.16
33.99,1.66,1.64,37.92,9.05,14.62,10,1.62,0.3700000047683716,1.64,0.15,0.36,44.44,20000,30,0.62,0.1
51.72,1.29,1.31,52.98,7.73,17.94,10,1.3,0.4699999988079071,1.35,0.12,0.5,55.56,25000,40,0.47,0.06
65.19,0.99,1.1,59.94,6.57,21.71,10,1.08,0.5099999904632568,1.0,0.1,0.63,66.67,30000,50,0.4,0.04
72.79,0.78,0.96,66.02,4.71,25.38,10,0.93,0.5299999713897705,0.79,0.08,0.71,77.78,35000,60,0.34,0.03
77.59,0.65,0.87,70.64,3.36,28.97,10,0.85,0.5699999928474426,0.67,0.07,0.76,88.89,40000,70,0.29,0.03
80.51,0.57,0.9,72.6,1.68,32.09,10,0.88,0.550000011920929,0.48,0.06,0.82,100.0,45000,80,0.27,0.02
