Train Accuracy,Train Loss,Evaluation Loss,Evaluation Accuracy,Query Times,Training Times,Cluster Coverage,Log Loss,Diversity Metrics,Entropy Reduction,MAE,Model Confidence,Data Percentage,Data Count,EPOCHS,Top 1 Error,Top 5 Error
22.39,2.12,1.81,35.32,-1.0,1.55,-1,1.8,-1.0,1.82,0.16,0.34,22.22,10000,10,0.65,0.16
38.88,1.68,1.48,45.72,4.33,2.29,10,1.48,0.47999998927116394,1.47,0.13,0.46,33.33,15000,20,0.54,0.07
44.58,1.52,1.31,53.06,3.77,3.02,10,1.31,0.6499999761581421,1.32,0.12,0.52,44.44,20000,30,0.47,0.06
49.16,1.4,1.22,56.78,3.16,3.71,10,1.23,0.7300000190734863,1.19,0.11,0.56,55.56,25000,40,0.43,0.05
55.22,1.24,1.09,61.4,2.33,4.42,10,1.09,0.7699999809265137,1.01,0.1,0.64,66.67,30000,50,0.39,0.04
60.96,1.09,1.03,63.78,1.8,5.2,10,1.03,0.8199999928474426,0.89,0.09,0.68,77.78,35000,60,0.36,0.03
67.49,0.92,0.98,66.92,1.26,5.92,10,0.98,0.8399999737739563,0.84,0.09,0.7,88.89,40000,70,0.33,0.03
73.86,0.75,0.95,68.3,0.66,6.62,10,0.95,0.8199999928474426,0.76,0.08,0.73,100.0,45000,80,0.32,0.03
