Train Accuracy,Train Loss,Evaluation Loss,Evaluation Accuracy,Query Times,Training Times,Cluster Coverage,Log Loss,Diversity Metrics,Entropy Reduction,MAE,Model Confidence,Data Percentage,Data Count,EPOCHS,Top 1 Error,Top 5 Error
24.96,2.07,1.78,36.44,-1.0,1.56,-1,1.77,-1.0,1.83,0.15,0.33,22.22,10000,10,0.64,0.14
40.25,1.65,1.45,48.02,4.1,2.29,10,1.45,0.4699999988079071,1.41,0.13,0.48,33.33,15000,20,0.52,0.08
47.41,1.45,1.27,54.5,3.54,3.05,10,1.27,0.6800000071525574,1.2,0.12,0.56,44.44,20000,30,0.46,0.05
52.42,1.32,1.15,59.42,3.02,3.75,10,1.15,0.7599999904632568,1.12,0.11,0.59,55.56,25000,40,0.41,0.04
57.34,1.18,1.07,62.88,2.42,4.45,10,1.07,0.800000011920929,0.98,0.1,0.65,66.67,30000,50,0.37,0.03
62.89,1.03,1.01,65.14,1.8,5.18,10,1.01,0.8299999833106995,0.9,0.09,0.68,77.78,35000,60,0.35,0.04
69.19,0.88,0.98,66.84,1.21,5.93,10,0.98,0.8500000238418579,0.83,0.09,0.7,88.89,40000,70,0.33,0.03
75.0,0.72,0.97,67.58,0.65,6.61,10,0.97,0.8500000238418579,0.73,0.08,0.74,100.0,45000,80,0.32,0.03
