Train Accuracy,Train Loss,Evaluation Loss,Evaluation Accuracy,Query Times,Training Times,Cluster Coverage,Log Loss,Diversity Metrics,Entropy Reduction,MAE,Model Confidence,Data Percentage,Data Count,EPOCHS,Top 1 Error,Top 5 Error
24.78,2.05,1.84,33.0,-1.0,1.57,-1,1.83,-1.0,1.85,0.16,0.32,22.22,10000,10,0.67,0.17
37.36,1.73,1.55,44.28,4.16,2.26,10,1.55,0.44999998807907104,1.52,0.14,0.44,33.33,15000,20,0.56,0.09
44.76,1.53,1.38,51.1,3.5,3.06,10,1.38,0.6399999856948853,1.31,0.12,0.52,44.44,20000,30,0.49,0.06
49.39,1.39,1.25,56.16,3.02,3.71,10,1.25,0.7400000095367432,1.17,0.11,0.58,55.56,25000,40,0.44,0.05
54.97,1.24,1.15,59.36,2.52,4.48,10,1.15,0.7799999713897705,1.04,0.1,0.62,66.67,30000,50,0.41,0.04
61.04,1.09,1.08,63.1,1.87,5.26,10,1.08,0.8100000023841858,0.94,0.1,0.66,77.78,35000,60,0.37,0.04
67.33,0.93,1.04,64.02,1.25,5.87,10,1.04,0.8399999737739563,0.86,0.09,0.69,88.89,40000,70,0.36,0.04
73.44,0.76,1.04,64.2,0.61,6.68,10,1.03,0.8399999737739563,0.79,0.09,0.71,100.0,45000,80,0.36,0.03
