Train Accuracy,Train Loss,Evaluation Loss,Evaluation Accuracy,Query Times,Training Times,Cluster Coverage,Log Loss,Diversity Metrics,Entropy Reduction,MAE,Model Confidence,Data Percentage,Data Count,EPOCHS,Top 1 Error,Top 5 Error
14.76,2.25,2.07,24.32,-1.0,31.19,-1,2.07,-1.0,2.01,0.17,0.25,22.22,10000,10,0.76,0.24
31.77,1.8,1.62,40.74,33.24,46.67,10,1.63,0.3100000023841858,1.48,0.14,0.43,33.33,15000,20,0.59,0.1
45.85,1.48,1.21,55.94,28.26,62.09,10,1.21,0.6100000143051147,1.14,0.11,0.58,44.44,20000,30,0.44,0.05
55.96,1.22,0.9,68.02,23.7,77.64,10,0.9,0.7400000095367432,0.89,0.09,0.68,55.56,25000,40,0.32,0.02
65.59,0.96,0.69,76.04,19.03,93.12,10,0.69,0.8199999928474426,0.67,0.07,0.76,66.67,30000,50,0.24,0.01
73.62,0.74,0.58,79.74,14.37,108.54,10,0.58,0.8500000238418579,0.52,0.05,0.82,77.78,35000,60,0.2,0.01
81.7,0.52,0.58,81.02,9.84,124.1,10,0.58,0.8500000238418579,0.39,0.05,0.86,88.89,40000,70,0.19,0.01
87.93,0.35,0.52,83.12,4.96,139.6,10,0.51,0.8299999833106995,0.36,0.04,0.87,100.0,45000,80,0.17,0.01
