Train Accuracy,Train Loss,Evaluation Loss,Evaluation Accuracy,Query Times,Training Times,Cluster Coverage,Log Loss,Diversity Metrics,Entropy Reduction,MAE,Model Confidence,Data Percentage,Data Count,EPOCHS,Top 1 Error,Top 5 Error
13.59,2.27,2.13,19.0,-1.0,31.24,-1,2.13,-1.0,2.19,0.17,0.16,22.22,10000,10,0.81,0.22
37.56,1.67,1.5,45.74,259.1,46.37,10,1.5,0.10999999940395355,1.56,0.14,0.41,33.33,15000,20,0.54,0.08
58.58,1.17,1.18,57.84,222.92,62.02,10,1.18,0.5600000023841858,1.28,0.12,0.52,44.44,20000,30,0.42,0.05
70.64,0.86,0.98,64.5,184.03,77.27,10,0.98,0.5899999737739563,1.02,0.1,0.63,55.56,25000,40,0.36,0.03
76.89,0.68,0.83,70.5,147.5,92.42,10,0.83,0.6200000047683716,0.87,0.08,0.69,66.67,30000,50,0.3,0.02
81.06,0.56,0.72,74.54,110.07,108.28,10,0.72,0.5799999833106995,0.66,0.07,0.76,77.78,35000,60,0.25,0.02
83.37,0.48,0.61,78.26,73.59,123.45,10,0.61,0.6499999761581421,0.52,0.06,0.81,88.89,40000,70,0.22,0.01
84.45,0.44,0.52,82.0,36.89,139.29,10,0.52,0.5699999928474426,0.44,0.05,0.84,100.0,45000,80,0.18,0.01
