Train Accuracy,Train Loss,Evaluation Loss,Evaluation Accuracy,Query Times,Training Times,Cluster Coverage,Log Loss,Diversity Metrics,Entropy Reduction,MAE,Model Confidence,Data Percentage,Data Count,EPOCHS,Top 1 Error,Top 5 Error
11.76,2.29,2.17,20.22,-1.0,31.12,-1,2.17,-1.0,2.24,0.18,0.15,22.22,10000,10,0.8,0.25
37.2,1.69,1.55,42.38,258.06,46.35,10,1.56,0.07000000029802322,1.62,0.14,0.4,33.33,15000,20,0.58,0.1
54.96,1.26,1.25,53.72,220.93,62.05,10,1.26,0.5299999713897705,1.37,0.12,0.49,44.44,20000,30,0.46,0.05
67.81,0.93,1.02,63.46,185.01,77.16,10,1.03,0.6000000238418579,1.11,0.1,0.6,55.56,25000,40,0.37,0.04
75.87,0.71,0.83,70.54,148.22,92.44,10,0.84,0.6399999856948853,0.87,0.08,0.69,66.67,30000,50,0.29,0.02
80.29,0.58,0.69,75.9,110.63,107.94,10,0.7,0.6399999856948853,0.73,0.07,0.74,77.78,35000,60,0.24,0.02
82.41,0.51,0.62,78.16,73.07,123.35,10,0.63,0.6100000143051147,0.59,0.06,0.79,88.89,40000,70,0.22,0.01
83.03,0.48,0.55,80.9,36.83,138.19,10,0.56,0.6000000238418579,0.55,0.05,0.8,100.0,45000,80,0.19,0.01
