Train Accuracy,Train Loss,Evaluation Loss,Evaluation Accuracy,Query Times,Training Times,Cluster Coverage,Log Loss,Diversity Metrics,Entropy Reduction,MAE,Model Confidence,Data Percentage,Data Count,EPOCHS,Top 1 Error,Top 5 Error
10.05,2.32,2.31,9.28,-1.0,7.44,-1,2.31,-1.0,2.3,0.18,0.12,22.22,10000,10,0.91,0.5
11.47,2.3,2.19,19.14,10.76,11.03,10,2.18,0.009999999776482582,2.21,0.18,0.16,33.33,15000,20,0.81,0.32
28.89,1.84,1.68,36.78,9.76,14.65,10,1.66,0.10999999940395355,1.65,0.15,0.37,44.44,20000,30,0.63,0.12
44.9,1.47,1.33,49.98,7.97,18.46,10,1.32,0.550000011920929,1.29,0.12,0.51,55.56,25000,40,0.5,0.06
56.46,1.19,1.12,59.26,6.37,21.94,10,1.1,0.6899999976158142,1.02,0.1,0.62,66.67,30000,50,0.41,0.04
66.42,0.94,0.94,67.28,4.97,25.56,10,0.92,0.7599999904632568,0.84,0.09,0.69,77.78,35000,60,0.33,0.03
74.58,0.73,0.89,70.16,3.18,29.93,10,0.87,0.7900000214576721,0.61,0.07,0.77,88.89,40000,70,0.3,0.02
81.48,0.54,0.94,71.64,1.67,33.15,10,0.92,0.8299999833106995,0.48,0.07,0.82,100.0,45000,80,0.28,0.02
