Train Accuracy,Train Loss,Evaluation Loss,Evaluation Accuracy,Query Times,Training Times,Cluster Coverage,Log Loss,Diversity Metrics,Entropy Reduction,MAE,Model Confidence,Data Percentage,Data Count,EPOCHS,Top 1 Error,Top 5 Error
10.27,2.32,2.31,9.8,-1.0,7.39,-1,2.31,-1.0,2.3,0.18,0.12,22.22,10000,10,0.9,0.5
16.2,2.16,1.9,23.98,11.06,11.07,10,1.89,0.009999999776482582,1.9,0.16,0.24,33.33,15000,20,0.76,0.17
31.8,1.75,1.56,40.8,9.24,14.72,10,1.55,0.38999998569488525,1.55,0.14,0.4,44.44,20000,30,0.59,0.09
46.74,1.42,1.26,53.48,7.92,18.1,10,1.25,0.6000000238418579,1.24,0.12,0.53,55.56,25000,40,0.47,0.05
58.75,1.13,1.08,60.28,6.28,22.07,10,1.07,0.7099999785423279,1.02,0.1,0.63,66.67,30000,50,0.4,0.03
68.08,0.9,0.99,65.46,4.82,25.6,10,0.98,0.7599999904632568,0.85,0.09,0.68,77.78,35000,60,0.35,0.03
75.53,0.71,0.86,72.16,3.17,29.28,10,0.85,0.7799999713897705,0.58,0.07,0.79,88.89,40000,70,0.28,0.02
81.92,0.53,0.92,72.22,1.68,32.95,10,0.9,0.8399999737739563,0.48,0.07,0.82,100.0,45000,80,0.28,0.02
