Train Accuracy,Train Loss,Evaluation Loss,Evaluation Accuracy,Query Times,Training Times,Cluster Coverage,Log Loss,Diversity Metrics,Entropy Reduction,MAE,Model Confidence,Data Percentage,Data Count,EPOCHS,Top 1 Error,Top 5 Error
10.23,2.32,2.31,10.74,-1.0,7.43,-1,2.31,-1.0,2.3,0.18,0.12,22.22,10000,10,0.89,0.49
14.15,2.23,2.02,22.52,10.64,11.09,10,2.01,0.009999999776482582,2.02,0.17,0.21,33.33,15000,20,0.77,0.2
28.76,1.82,1.63,37.64,9.25,14.65,10,1.62,0.3100000023841858,1.66,0.15,0.35,44.44,20000,30,0.62,0.09
44.11,1.48,1.32,50.12,7.65,18.29,10,1.3,0.5299999713897705,1.32,0.12,0.5,55.56,25000,40,0.5,0.05
56.99,1.18,1.1,60.68,6.54,21.97,10,1.08,0.6800000071525574,1.01,0.1,0.62,66.67,30000,50,0.39,0.04
67.2,0.92,0.98,66.36,4.87,25.59,10,0.95,0.75,0.8,0.08,0.7,77.78,35000,60,0.34,0.03
74.61,0.72,0.96,68.14,3.17,29.17,10,0.93,0.800000011920929,0.69,0.08,0.75,88.89,40000,70,0.32,0.03
80.94,0.56,0.95,71.46,1.73,32.91,10,0.91,0.8100000023841858,0.48,0.06,0.82,100.0,45000,80,0.29,0.02
