Train Accuracy,Train Loss,Evaluation Loss,Evaluation Accuracy,Query Times,Training Times,Cluster Coverage,Log Loss,Diversity Metrics,Entropy Reduction,MAE,Model Confidence,Data Percentage,Data Count,EPOCHS,Top 1 Error,Top 5 Error
69.28,0.87,1.99,50.7,-1.0,6.5,-1,1.99,-1.0,0.6,0.1,0.78,22.22,10000,10,0.49,0.09
91.5,0.26,1.26,67.72,7.98,9.7,10,1.25,0.7900000214576721,0.39,0.07,0.86,33.33,15000,20,0.32,0.03
96.29,0.12,1.08,72.02,6.85,12.91,10,1.07,0.8600000143051147,0.33,0.06,0.88,44.44,20000,30,0.28,0.02
97.42,0.09,0.98,75.52,5.75,16.12,10,0.98,0.8700000047683716,0.29,0.05,0.89,55.56,25000,40,0.24,0.02
97.97,0.07,0.94,76.8,4.64,19.33,10,0.94,0.8700000047683716,0.27,0.05,0.9,66.67,30000,50,0.23,0.02
98.37,0.06,0.84,79.34,3.6,22.61,10,0.84,0.8799999952316284,0.25,0.05,0.91,77.78,35000,60,0.21,0.02
98.59,0.05,0.8,80.14,2.41,25.75,10,0.8,0.8799999952316284,0.23,0.04,0.92,88.89,40000,70,0.2,0.02
98.7,0.05,0.8,80.12,1.22,28.99,10,0.8,0.8799999952316284,0.22,0.04,0.92,100.0,45000,80,0.2,0.01
