Train Accuracy,Train Loss,Evaluation Loss,Evaluation Accuracy,Query Times,Training Times,Cluster Coverage,Log Loss,Diversity Metrics,Entropy Reduction,MAE,Model Confidence,Data Percentage,Data Count,EPOCHS,Top 1 Error,Top 5 Error
68.39,0.89,1.52,55.72,-1.0,6.62,-1,1.51,-1.0,0.66,0.1,0.76,22.22,10000,10,0.44,0.05
91.72,0.26,1.4,65.56,8.26,9.87,10,1.4,0.8199999928474426,0.39,0.07,0.86,33.33,15000,20,0.34,0.04
96.1,0.13,1.06,73.24,7.14,13.11,10,1.06,0.8500000238418579,0.33,0.06,0.88,44.44,20000,30,0.27,0.03
97.3,0.1,1.01,75.16,5.92,16.36,10,1.02,0.8700000047683716,0.29,0.05,0.89,55.56,25000,40,0.25,0.02
97.97,0.07,0.91,77.42,4.82,19.62,10,0.92,0.8700000047683716,0.27,0.05,0.9,66.67,30000,50,0.23,0.02
98.4,0.06,0.85,79.44,3.62,22.87,10,0.85,0.8799999952316284,0.24,0.05,0.91,77.78,35000,60,0.21,0.02
98.61,0.05,0.78,80.48,2.47,26.1,10,0.79,0.8799999952316284,0.22,0.04,0.92,88.89,40000,70,0.2,0.01
98.65,0.05,0.76,81.56,1.25,29.37,10,0.76,0.8799999952316284,0.21,0.04,0.92,100.0,45000,80,0.18,0.02
