Train Accuracy,Train Loss,Evaluation Loss,Evaluation Accuracy,Query Times,Training Times,Cluster Coverage,Log Loss,Diversity Metrics,Entropy Reduction,MAE,Model Confidence,Data Percentage,Data Count,EPOCHS,Top 1 Error,Top 5 Error
68.19,0.9,1.71,52.98,-1.0,6.54,-1,1.71,-1.0,0.62,0.1,0.77,22.22,10000,10,0.47,0.06
91.49,0.27,1.26,68.52,8.05,9.75,10,1.26,0.800000011920929,0.39,0.07,0.86,33.33,15000,20,0.31,0.03
95.97,0.14,1.1,72.06,6.89,12.95,10,1.11,0.8600000143051147,0.33,0.06,0.88,44.44,20000,30,0.28,0.03
97.33,0.09,0.98,75.2,5.75,16.17,10,0.98,0.8700000047683716,0.29,0.05,0.89,55.56,25000,40,0.25,0.03
97.85,0.08,0.92,77.08,4.64,19.39,10,0.92,0.8700000047683716,0.26,0.05,0.9,66.67,30000,50,0.23,0.02
98.37,0.06,0.85,79.22,3.5,22.58,10,0.84,0.8799999952316284,0.24,0.05,0.91,77.78,35000,60,0.21,0.02
98.58,0.05,0.78,80.58,2.37,25.79,10,0.78,0.8799999952316284,0.22,0.04,0.92,88.89,40000,70,0.19,0.02
98.68,0.05,0.72,81.9,1.24,29.02,10,0.73,0.8799999952316284,0.21,0.04,0.92,100.0,45000,80,0.18,0.02
