Train Accuracy,Train Loss,Evaluation Loss,Evaluation Accuracy,Query Times,Training Times,Cluster Coverage,Log Loss,Diversity Metrics,Entropy Reduction,MAE,Model Confidence,Data Percentage,Data Count,EPOCHS,Top 1 Error,Top 5 Error
12.02,2.28,2.07,24.6,-1.0,2.46,-1,2.07,-1.0,2.04,0.17,0.23,22.22,10000,10,0.75,0.26
37.0,1.67,1.45,47.42,3.88,4.79,10,1.45,0.27000001072883606,1.34,0.13,0.49,44.44,20000,20,0.53,0.07
51.13,1.33,1.04,62.64,2.8,7.14,10,1.03,0.6700000166893005,0.95,0.1,0.65,66.67,30000,30,0.37,0.03
66.98,0.92,0.73,74.0,1.74,9.47,10,0.72,0.7900000214576721,0.7,0.07,0.75,88.89,40000,40,0.26,0.01
78.31,0.62,0.61,78.6,0.64,10.63,10,0.6,0.8199999928474426,0.51,0.06,0.82,100.0,45000,50,0.21,0.01
