Train Accuracy,Train Loss,Evaluation Loss,Evaluation Accuracy,Query Times,Training Times,Cluster Coverage,Log Loss,Diversity Metrics,Entropy Reduction,MAE,Model Confidence,Data Percentage,Data Count,EPOCHS,Top 1 Error,Top 5 Error
68.43,0.89,1.56,55.62,-1.0,6.63,-1,1.56,-1.0,0.64,0.1,0.77,22.22,10000,10,0.44,0.06
95.11,0.16,1.31,65.7,8.3,9.87,10,1.31,0.800000011920929,0.42,0.07,0.85,33.33,15000,20,0.34,0.04
98.62,0.05,1.24,68.56,7.09,13.13,10,1.24,0.8500000238418579,0.36,0.07,0.87,44.44,20000,30,0.31,0.03
98.37,0.06,1.16,71.32,5.92,16.37,10,1.16,0.8500000238418579,0.33,0.06,0.88,55.56,25000,40,0.29,0.03
98.14,0.07,1.07,73.98,4.78,19.62,10,1.07,0.8399999737739563,0.29,0.06,0.89,66.67,30000,50,0.26,0.03
97.92,0.07,0.95,76.32,3.61,22.87,10,0.96,0.8299999833106995,0.27,0.05,0.9,77.78,35000,60,0.24,0.02
97.73,0.08,0.84,79.22,2.45,26.12,10,0.85,0.8299999833106995,0.25,0.05,0.91,88.89,40000,70,0.21,0.02
97.42,0.09,0.79,80.74,1.27,29.37,10,0.8,0.8199999928474426,0.23,0.04,0.92,100.0,45000,80,0.19,0.02
