Train Accuracy,Train Loss,Evaluation Loss,Evaluation Accuracy,Query Times,Training Times,Cluster Coverage,Log Loss,Diversity Metrics,Entropy Reduction,MAE,Model Confidence,Data Percentage,Data Count,EPOCHS,Top 1 Error,Top 5 Error
67.94,0.9,1.51,56.34,-1.0,6.54,-1,1.52,-1.0,0.62,0.09,0.77,22.22,10000,10,0.44,0.05
95.69,0.14,1.31,66.5,8.08,9.74,10,1.3,0.8199999928474426,0.42,0.07,0.85,33.33,15000,20,0.34,0.03
98.69,0.05,1.21,69.98,6.93,12.95,10,1.2,0.8500000238418579,0.36,0.07,0.87,44.44,20000,30,0.3,0.03
98.48,0.06,1.13,71.66,5.77,16.13,10,1.13,0.8500000238418579,0.32,0.06,0.89,55.56,25000,40,0.28,0.02
98.15,0.07,1.03,74.52,4.61,19.35,10,1.04,0.8399999737739563,0.29,0.06,0.89,66.67,30000,50,0.25,0.02
97.91,0.07,0.9,77.28,3.51,22.58,10,0.9,0.8299999833106995,0.26,0.05,0.9,77.78,35000,60,0.23,0.02
97.87,0.07,0.83,79.48,2.38,25.79,10,0.83,0.8199999928474426,0.24,0.04,0.91,88.89,40000,70,0.21,0.02
97.26,0.09,0.82,79.32,1.25,29.01,10,0.82,0.8100000023841858,0.23,0.04,0.91,100.0,45000,80,0.21,0.02
