Train Accuracy,Train Loss,Evaluation Loss,Evaluation Accuracy,Query Times,Training Times,Cluster Coverage,Log Loss,Diversity Metrics,Entropy Reduction,MAE,Model Confidence,Data Percentage,Data Count,EPOCHS,Top 1 Error,Top 5 Error
68.93,0.88,1.4,60.82,-1.0,6.62,-1,1.4,-1.0,0.61,0.09,0.78,22.22,10000,10,0.39,0.06
96.16,0.13,1.42,65.42,8.26,9.88,10,1.42,0.8299999833106995,0.4,0.07,0.86,33.33,15000,20,0.35,0.04
98.46,0.06,1.21,69.96,7.13,13.13,10,1.22,0.8500000238418579,0.36,0.06,0.87,44.44,20000,30,0.3,0.03
98.53,0.06,1.13,71.5,5.91,16.35,10,1.14,0.8500000238418579,0.33,0.06,0.88,55.56,25000,40,0.28,0.03
98.26,0.06,1.03,74.84,4.78,19.61,10,1.04,0.8399999737739563,0.28,0.05,0.9,66.67,30000,50,0.25,0.02
97.99,0.07,0.97,76.2,3.62,22.88,10,0.97,0.8299999833106995,0.26,0.05,0.9,77.78,35000,60,0.24,0.02
97.78,0.08,0.84,79.52,2.47,26.13,10,0.85,0.8199999928474426,0.24,0.04,0.91,88.89,40000,70,0.2,0.02
97.39,0.09,0.81,80.58,1.25,29.39,10,0.82,0.8199999928474426,0.22,0.04,0.92,100.0,45000,80,0.19,0.02
