Train Accuracy,Train Loss,Evaluation Loss,Evaluation Accuracy,Query Times,Training Times,Cluster Coverage,Log Loss,Diversity Metrics,Entropy Reduction,MAE,Model Confidence,Data Percentage,Data Count,EPOCHS,Top 1 Error,Top 5 Error
69.32,0.87,1.51,57.02,-1.0,6.54,-1,1.51,-1.0,0.62,0.09,0.78,22.22,10000,10,0.43,0.06
95.77,0.14,1.34,66.76,8.03,9.74,10,1.32,0.8199999928474426,0.41,0.07,0.85,33.33,15000,20,0.33,0.04
98.61,0.05,1.25,68.86,6.91,12.95,10,1.24,0.8500000238418579,0.37,0.07,0.86,44.44,20000,30,0.31,0.04
98.36,0.06,1.16,71.56,5.74,16.17,10,1.15,0.8500000238418579,0.33,0.06,0.88,55.56,25000,40,0.28,0.03
98.21,0.06,1.02,75.02,4.62,19.38,10,1.02,0.8399999737739563,0.29,0.05,0.89,66.67,30000,50,0.25,0.02
98.06,0.07,0.94,76.32,3.52,22.57,10,0.94,0.8299999833106995,0.27,0.05,0.9,77.78,35000,60,0.24,0.02
97.69,0.08,0.84,79.24,2.38,25.79,10,0.84,0.8199999928474426,0.24,0.05,0.91,88.89,40000,70,0.21,0.02
97.31,0.09,0.79,80.58,1.24,29.0,10,0.79,0.8100000023841858,0.22,0.04,0.92,100.0,45000,80,0.19,0.01
