Train Accuracy,Train Loss,Evaluation Loss,Evaluation Accuracy,Query Times,Training Times,Cluster Coverage,Log Loss,Diversity Metrics,Entropy Reduction,MAE,Model Confidence,Data Percentage,Data Count,EPOCHS,Top 1 Error,Top 5 Error
23.51,2.08,1.82,35.64,-1.0,1.57,-1,1.83,-1.0,1.87,0.16,0.32,22.22,10000,10,0.64,0.16
48.47,1.49,1.54,44.92,4.36,2.28,10,1.54,0.4300000071525574,1.54,0.14,0.44,33.33,15000,20,0.55,0.1
59.11,1.2,1.38,52.2,3.48,3.02,10,1.38,0.5699999928474426,1.34,0.12,0.52,44.44,20000,30,0.48,0.07
64.86,1.03,1.27,55.88,3.04,3.75,10,1.27,0.6100000143051147,1.17,0.11,0.58,55.56,25000,40,0.44,0.06
68.29,0.93,1.16,59.16,2.43,4.46,10,1.17,0.6299999952316284,1.09,0.11,0.61,66.67,30000,50,0.41,0.05
70.05,0.87,1.12,62.02,1.8,5.17,10,1.13,0.5799999833106995,0.98,0.1,0.65,77.78,35000,60,0.38,0.05
70.82,0.84,1.08,62.88,1.25,5.92,10,1.08,0.6000000238418579,0.91,0.09,0.67,88.89,40000,70,0.37,0.04
71.0,0.82,1.04,65.5,0.63,6.74,10,1.04,0.550000011920929,0.83,0.09,0.7,100.0,45000,80,0.34,0.04
