Train Accuracy,Train Loss,Evaluation Loss,Evaluation Accuracy,Query Times,Training Times,Cluster Coverage,Log Loss,Diversity Metrics,Entropy Reduction,MAE,Model Confidence,Data Percentage,Data Count,EPOCHS,Top 1 Error,Top 5 Error
25.77,2.04,1.8,37.36,-1.0,1.58,-1,1.8,-1.0,1.84,0.16,0.32,22.22,10000,10,0.63,0.14
50.57,1.42,1.48,47.56,4.02,2.27,10,1.49,0.46000000834465027,1.46,0.13,0.46,33.33,15000,20,0.52,0.09
60.76,1.15,1.37,51.26,3.54,3.0,10,1.37,0.6000000238418579,1.34,0.12,0.52,44.44,20000,30,0.49,0.07
65.94,1.0,1.24,56.08,3.06,3.8,10,1.24,0.5899999737739563,1.16,0.11,0.58,55.56,25000,40,0.44,0.06
69.7,0.9,1.16,59.86,2.43,4.47,10,1.17,0.6299999952316284,1.0,0.1,0.64,66.67,30000,50,0.4,0.05
71.48,0.84,1.06,63.4,1.85,5.26,10,1.06,0.6499999761581421,0.94,0.09,0.66,77.78,35000,60,0.37,0.04
72.65,0.79,1.0,66.12,1.24,5.97,10,1.0,0.6100000143051147,0.87,0.09,0.69,88.89,40000,70,0.34,0.04
72.49,0.78,0.97,66.5,0.66,6.63,10,0.98,0.550000011920929,0.81,0.08,0.71,100.0,45000,80,0.34,0.03
