Train Accuracy,Train Loss,Evaluation Loss,Evaluation Accuracy,Query Times,Training Times,Cluster Coverage,Log Loss,Diversity Metrics,Entropy Reduction,MAE,Model Confidence,Data Percentage,Data Count,EPOCHS,Top 1 Error,Top 5 Error
22.24,2.12,1.87,32.64,-1.0,1.53,-1,1.87,-1.0,1.94,0.16,0.29,22.22,10000,10,0.67,0.18
46.75,1.54,1.53,45.9,4.26,2.24,10,1.53,0.38999998569488525,1.59,0.14,0.42,33.33,15000,20,0.54,0.09
58.45,1.22,1.39,51.18,3.49,3.01,10,1.39,0.5600000023841858,1.4,0.13,0.49,44.44,20000,30,0.49,0.07
63.4,1.08,1.32,52.36,2.9,3.72,10,1.32,0.5799999833106995,1.24,0.12,0.55,55.56,25000,40,0.48,0.06
65.76,0.99,1.25,55.68,2.49,4.45,10,1.25,0.6100000143051147,1.12,0.11,0.59,66.67,30000,50,0.44,0.06
67.73,0.92,1.21,58.22,1.86,5.24,10,1.2,0.6200000047683716,1.02,0.1,0.63,77.78,35000,60,0.42,0.05
68.93,0.88,1.15,60.5,1.24,5.93,10,1.15,0.5799999833106995,0.97,0.1,0.65,88.89,40000,70,0.4,0.05
69.47,0.86,1.11,62.78,0.65,6.69,10,1.1,0.550000011920929,0.85,0.09,0.69,100.0,45000,80,0.37,0.04
