Train Accuracy,Train Loss,Evaluation Loss,Evaluation Accuracy,Query Times,Training Times,Cluster Coverage,Log Loss,Diversity Metrics,Entropy Reduction,MAE,Model Confidence,Data Percentage,Data Count,EPOCHS,Top 1 Error,Top 5 Error
10.11,2.32,2.31,9.8,-1.0,7.43,-1,2.31,-1.0,2.3,0.18,0.12,22.22,10000,10,0.9,0.51
14.9,2.2,1.95,22.26,11.13,11.1,10,1.94,0.009999999776482582,1.93,0.17,0.23,33.33,15000,20,0.78,0.19
27.91,1.81,1.66,35.58,9.49,14.81,10,1.64,0.36000001430511475,1.62,0.15,0.37,44.44,20000,30,0.64,0.1
42.74,1.5,1.32,50.8,7.46,18.31,10,1.3,0.5600000023841858,1.27,0.12,0.52,55.56,25000,40,0.49,0.06
54.73,1.22,1.08,61.76,6.5,21.92,10,1.06,0.7099999785423279,0.99,0.1,0.63,66.67,30000,50,0.38,0.04
63.8,1.0,0.93,67.98,4.9,25.69,10,0.91,0.7900000214576721,0.8,0.08,0.71,77.78,35000,60,0.32,0.03
72.99,0.77,0.87,72.66,3.19,29.08,10,0.85,0.8299999833106995,0.59,0.07,0.79,88.89,40000,70,0.27,0.03
82.81,0.51,0.95,72.32,1.58,32.63,10,0.93,0.8299999833106995,0.47,0.06,0.83,100.0,45000,80,0.28,0.03
