Train Accuracy,Train Loss,Evaluation Loss,Evaluation Accuracy,Query Times,Training Times,Cluster Coverage,Log Loss,Diversity Metrics,Entropy Reduction,MAE,Model Confidence,Data Percentage,Data Count,EPOCHS,Top 1 Error,Top 5 Error
10.15,2.32,2.31,10.34,-1.0,7.33,-1,2.31,-1.0,2.3,0.18,0.12,22.22,10000,10,0.9,0.5
10.3,2.31,2.3,11.54,11.05,11.06,10,2.3,0.009999999776482582,2.3,0.18,0.11,33.33,15000,20,0.88,0.47
23.14,1.97,1.77,30.0,9.2,14.74,10,1.75,0.009999999776482582,1.76,0.16,0.3,44.44,20000,30,0.7,0.12
37.06,1.63,1.42,45.62,8.19,18.24,10,1.39,0.4699999988079071,1.43,0.13,0.45,55.56,25000,40,0.54,0.06
50.57,1.32,1.09,60.6,6.47,22.0,10,1.07,0.6600000262260437,1.06,0.1,0.6,66.67,30000,50,0.39,0.03
61.81,1.05,0.97,66.06,4.81,25.73,10,0.95,0.7799999713897705,0.83,0.09,0.69,77.78,35000,60,0.34,0.03
70.98,0.82,0.85,71.66,3.24,29.11,10,0.83,0.8299999833106995,0.63,0.07,0.77,88.89,40000,70,0.28,0.02
80.69,0.56,0.89,71.98,1.6,33.09,10,0.87,0.8399999737739563,0.52,0.07,0.81,100.0,45000,80,0.28,0.02
