Train Accuracy,Train Loss,Evaluation Loss,Evaluation Accuracy,Query Times,Training Times,Cluster Coverage,Log Loss,Diversity Metrics,Entropy Reduction,MAE,Model Confidence,Data Percentage,Data Count,EPOCHS,Top 1 Error,Top 5 Error
10.12,2.32,2.31,10.24,-1.0,7.34,-1,2.31,-1.0,2.3,0.18,0.12,22.22,10000,10,0.9,0.49
13.94,2.23,1.99,21.86,10.79,10.83,10,1.97,0.009999999776482582,1.94,0.17,0.23,33.33,15000,20,0.78,0.2
29.95,1.79,1.57,40.92,9.04,14.28,10,1.55,0.3499999940395355,1.59,0.14,0.38,44.44,20000,30,0.59,0.08
43.04,1.51,1.29,52.08,7.82,18.07,10,1.27,0.5899999737739563,1.21,0.12,0.53,55.56,25000,40,0.48,0.05
54.69,1.24,1.05,62.28,6.25,21.67,10,1.03,0.7300000190734863,0.97,0.1,0.65,66.67,30000,50,0.38,0.03
64.09,1.0,0.89,68.84,4.76,25.28,10,0.87,0.8100000023841858,0.75,0.08,0.73,77.78,35000,60,0.31,0.02
74.1,0.74,0.84,71.94,3.19,28.84,10,0.82,0.8399999737739563,0.63,0.07,0.78,88.89,40000,70,0.28,0.02
83.8,0.48,0.88,73.52,1.64,32.19,10,0.85,0.8299999833106995,0.44,0.06,0.84,100.0,45000,80,0.26,0.02
