Train Accuracy,Train Loss,Evaluation Loss,Evaluation Accuracy,Query Times,Training Times,Cluster Coverage,Log Loss,Diversity Metrics,Entropy Reduction,MAE,Model Confidence,Data Percentage,Data Count,EPOCHS,Top 1 Error,Top 5 Error
68.39,0.9,1.56,56.32,-1.0,6.63,-1,1.55,-1.0,0.61,0.09,0.78,22.22,10000,10,0.44,0.05
88.07,0.36,1.25,67.34,8.24,9.86,10,1.25,0.8199999928474426,0.4,0.07,0.85,33.33,15000,20,0.33,0.03
93.95,0.2,1.12,72.4,7.05,13.11,10,1.11,0.8700000047683716,0.3,0.06,0.89,44.44,20000,30,0.28,0.02
96.0,0.13,0.94,76.84,5.93,16.36,10,0.94,0.8799999952316284,0.26,0.05,0.9,55.56,25000,40,0.23,0.02
97.45,0.09,0.85,79.1,4.81,19.59,10,0.85,0.8899999856948853,0.23,0.05,0.91,66.67,30000,50,0.21,0.01
99.0,0.04,0.8,80.64,3.54,22.68,10,0.8,0.8899999856948853,0.21,0.04,0.92,77.78,35000,60,0.19,0.01
99.88,0.01,0.79,81.4,2.45,26.08,10,0.79,0.8799999952316284,0.2,0.04,0.93,88.89,40000,70,0.19,0.01
99.95,0.0,0.8,81.14,1.26,29.39,10,0.8,0.8700000047683716,0.2,0.04,0.93,100.0,45000,80,0.19,0.01
