Train Accuracy,Train Loss,Evaluation Loss,Evaluation Accuracy,Query Times,Training Times,Cluster Coverage,Log Loss,Diversity Metrics,Entropy Reduction,MAE,Model Confidence,Data Percentage,Data Count,EPOCHS,Top 1 Error,Top 5 Error
10.58,2.3,2.25,15.06,-1.0,31.13,-1,2.25,-1.0,2.29,0.18,0.12,22.22,10000,10,0.85,0.34
36.3,1.72,1.49,43.28,34.16,46.38,10,1.49,0.009999999776482582,1.53,0.14,0.43,33.33,15000,20,0.57,0.08
57.58,1.18,1.28,53.86,28.93,62.05,10,1.27,0.5799999833106995,1.12,0.11,0.59,44.44,20000,30,0.46,0.06
69.51,0.87,1.01,63.64,23.82,78.11,10,1.01,0.6800000071525574,0.94,0.09,0.66,55.56,25000,40,0.36,0.03
77.1,0.67,0.84,69.94,19.53,93.05,10,0.84,0.6600000262260437,0.7,0.07,0.75,66.67,30000,50,0.3,0.02
81.38,0.55,0.72,75.66,14.45,108.62,10,0.72,0.6700000166893005,0.56,0.06,0.8,77.78,35000,60,0.24,0.02
83.44,0.48,0.64,78.52,9.71,124.4,10,0.65,0.6800000071525574,0.46,0.05,0.83,88.89,40000,70,0.21,0.01
83.71,0.46,0.54,81.7,4.94,138.85,10,0.55,0.6399999856948853,0.41,0.05,0.85,100.0,45000,80,0.18,0.01
