Train Accuracy,Train Loss,Evaluation Loss,Evaluation Accuracy,Query Times,Training Times,Cluster Coverage,Log Loss,Diversity Metrics,Entropy Reduction,MAE,Model Confidence,Data Percentage,Data Count,EPOCHS,Top 1 Error,Top 5 Error
14.47,2.25,2.05,25.18,-1.0,31.27,-1,2.04,-1.0,2.08,0.17,0.22,22.22,10000,10,0.75,0.21
40.13,1.62,1.53,43.66,33.18,46.6,10,1.53,0.23999999463558197,1.43,0.14,0.47,33.33,15000,20,0.56,0.09
59.08,1.15,1.19,56.12,29.25,62.18,10,1.2,0.5799999833106995,1.2,0.11,0.56,44.44,20000,30,0.44,0.04
70.95,0.83,1.09,60.86,23.16,77.68,10,1.1,0.6000000238418579,0.95,0.1,0.65,55.56,25000,40,0.39,0.04
77.0,0.67,0.79,71.62,18.78,93.05,10,0.8,0.6000000238418579,0.68,0.07,0.75,66.67,30000,50,0.28,0.02
81.36,0.54,0.68,76.04,13.68,108.77,10,0.69,0.6600000262260437,0.6,0.06,0.78,77.78,35000,60,0.24,0.01
83.38,0.48,0.57,80.38,9.49,124.21,10,0.58,0.6299999952316284,0.47,0.05,0.83,88.89,40000,70,0.2,0.01
83.68,0.46,0.51,82.18,4.78,139.63,10,0.52,0.5899999737739563,0.44,0.05,0.85,100.0,45000,80,0.18,0.01
