Train Accuracy,Train Loss,Evaluation Loss,Evaluation Accuracy,Query Times,Training Times,Cluster Coverage,Log Loss,Diversity Metrics,Entropy Reduction,MAE,Model Confidence,Data Percentage,Data Count,EPOCHS,Top 1 Error,Top 5 Error
14.17,2.27,2.12,23.7,-1.0,2.45,-1,2.12,-1.0,2.19,0.17,0.17,22.22,10000,10,0.76,0.24
34.66,1.75,1.55,42.6,19.84,3.61,10,1.55,0.14000000059604645,1.66,0.15,0.37,33.33,15000,20,0.57,0.09
50.25,1.35,1.22,55.2,17.03,4.78,10,1.23,0.5400000214576721,1.22,0.11,0.55,44.44,20000,30,0.45,0.05
62.04,1.05,0.95,66.5,14.21,5.94,10,0.96,0.699999988079071,0.98,0.09,0.64,55.56,25000,40,0.34,0.03
71.11,0.81,0.75,73.2,11.39,7.09,10,0.76,0.7599999904632568,0.79,0.07,0.72,66.67,30000,50,0.27,0.02
77.45,0.64,0.61,77.82,8.58,8.26,10,0.62,0.800000011920929,0.63,0.06,0.78,77.78,35000,60,0.22,0.01
82.03,0.51,0.57,80.36,5.75,9.44,10,0.57,0.8299999833106995,0.52,0.05,0.81,88.89,40000,70,0.2,0.01
85.74,0.41,0.47,83.6,2.94,10.62,10,0.48,0.8399999737739563,0.46,0.05,0.84,100.0,45000,80,0.16,0.01
