Train Accuracy,Train Loss,Evaluation Loss,Evaluation Accuracy,Query Times,Training Times,Cluster Coverage,Log Loss,Diversity Metrics,Entropy Reduction,MAE,Model Confidence,Data Percentage,Data Count,EPOCHS,Top 1 Error,Top 5 Error
12.51,2.28,2.17,20.38,-1.0,31.11,-1,2.17,-1.0,2.21,0.18,0.16,22.22,10000,10,0.8,0.27
31.2,1.82,1.55,42.54,34.22,47.09,10,1.55,0.10999999940395355,1.46,0.14,0.44,33.33,15000,20,0.57,0.08
45.09,1.46,1.24,55.16,28.17,66.5,10,1.24,0.6299999952316284,1.17,0.11,0.56,44.44,20000,30,0.45,0.05
55.3,1.21,0.93,66.94,25.35,78.64,10,0.93,0.7300000190734863,0.84,0.09,0.7,55.56,25000,40,0.33,0.03
64.87,0.97,0.73,74.56,21.1,93.78,10,0.73,0.8199999928474426,0.73,0.07,0.74,66.67,30000,50,0.25,0.02
72.68,0.76,0.62,78.04,14.4,108.41,10,0.63,0.8399999737739563,0.57,0.06,0.8,77.78,35000,60,0.22,0.01
80.82,0.55,0.55,81.76,9.36,124.02,10,0.55,0.8500000238418579,0.42,0.05,0.85,88.89,40000,70,0.18,0.01
87.14,0.37,0.55,82.54,5.14,139.77,10,0.55,0.8399999737739563,0.36,0.04,0.87,100.0,45000,80,0.17,0.01
