Train Accuracy,Train Loss,Evaluation Loss,Evaluation Accuracy,Query Times,Training Times,Cluster Coverage,Log Loss,Diversity Metrics,Entropy Reduction,MAE,Model Confidence,Data Percentage,Data Count,EPOCHS,Top 1 Error,Top 5 Error
13.77,2.25,2.05,25.84,-1.0,31.38,-1,2.05,-1.0,2.06,0.17,0.23,22.22,10000,10,0.74,0.22
32.35,1.8,1.52,43.68,33.38,46.71,10,1.52,0.27000001072883606,1.42,0.14,0.46,33.33,15000,20,0.56,0.08
47.19,1.42,1.15,57.76,28.34,62.3,10,1.15,0.6399999856948853,1.11,0.11,0.59,44.44,20000,30,0.42,0.04
57.63,1.16,0.93,66.94,24.65,77.53,10,0.93,0.7599999904632568,0.86,0.09,0.69,55.56,25000,40,0.33,0.02
66.38,0.92,0.7,74.76,19.1,92.88,10,0.7,0.8199999928474426,0.69,0.07,0.75,66.67,30000,50,0.25,0.02
73.9,0.73,0.58,79.6,14.81,108.58,10,0.58,0.8500000238418579,0.54,0.06,0.81,77.78,35000,60,0.2,0.01
81.74,0.52,0.5,82.34,9.51,124.18,10,0.51,0.8600000143051147,0.4,0.05,0.86,88.89,40000,70,0.18,0.01
87.87,0.35,0.52,82.86,5.05,139.59,10,0.52,0.8299999833106995,0.34,0.04,0.88,100.0,45000,80,0.17,0.01
