Train Accuracy,Train Loss,Evaluation Loss,Evaluation Accuracy,Query Times,Training Times,Cluster Coverage,Log Loss,Diversity Metrics,Entropy Reduction,MAE,Model Confidence,Data Percentage,Data Count,EPOCHS,Top 1 Error,Top 5 Error
68.64,0.89,1.54,57.3,-1.0,6.6,-1,1.54,-1.0,0.61,0.09,0.78,22.22,10000,10,0.43,0.05
89.1,0.33,1.31,67.0,8.18,9.8,10,1.31,0.8199999928474426,0.39,0.07,0.86,33.33,15000,20,0.33,0.04
94.1,0.19,1.08,72.88,6.93,12.97,10,1.09,0.8600000143051147,0.3,0.06,0.89,44.44,20000,30,0.27,0.02
95.7,0.14,0.95,76.8,5.89,16.18,10,0.95,0.8799999952316284,0.26,0.05,0.9,55.56,25000,40,0.23,0.02
97.11,0.1,0.82,79.52,4.65,19.37,10,0.82,0.8899999856948853,0.23,0.04,0.91,66.67,30000,50,0.2,0.02
98.76,0.05,0.8,80.9,3.53,22.61,10,0.8,0.8899999856948853,0.21,0.04,0.92,77.78,35000,60,0.19,0.01
99.85,0.01,0.77,81.38,2.37,25.8,10,0.77,0.8799999952316284,0.21,0.04,0.92,88.89,40000,70,0.19,0.01
99.88,0.01,0.89,80.0,1.24,29.01,10,0.89,0.8700000047683716,0.22,0.04,0.92,100.0,45000,80,0.2,0.02
