Train Accuracy,Train Loss,Evaluation Loss,Evaluation Accuracy,Query Times,Training Times,Cluster Coverage,Log Loss,Diversity Metrics,Entropy Reduction,MAE,Model Confidence,Data Percentage,Data Count,EPOCHS,Top 1 Error,Top 5 Error
68.66,0.89,1.71,53.48,-1.0,6.53,-1,1.71,-1.0,0.65,0.1,0.76,22.22,10000,10,0.47,0.07
90.23,0.3,1.23,69.96,8.02,9.73,10,1.23,0.800000011920929,0.36,0.07,0.87,33.33,15000,20,0.3,0.03
94.23,0.18,1.02,74.1,6.92,12.93,10,1.02,0.8600000143051147,0.3,0.06,0.89,44.44,20000,30,0.26,0.02
95.76,0.14,0.88,78.64,5.74,16.14,10,0.89,0.8799999952316284,0.25,0.05,0.91,55.56,25000,40,0.21,0.02
97.08,0.1,0.8,80.38,4.64,19.35,10,0.8,0.8899999856948853,0.22,0.04,0.92,66.67,30000,50,0.2,0.01
98.76,0.05,0.77,81.84,3.56,22.56,10,0.77,0.8899999856948853,0.2,0.04,0.93,77.78,35000,60,0.18,0.01
99.84,0.01,0.76,82.02,2.38,25.75,10,0.77,0.8799999952316284,0.19,0.04,0.93,88.89,40000,70,0.18,0.01
99.97,0.0,0.78,81.2,1.23,29.0,10,0.78,0.8700000047683716,0.2,0.04,0.93,100.0,45000,80,0.19,0.01
