Train Accuracy,Train Loss,Evaluation Loss,Evaluation Accuracy,Query Times,Training Times,Cluster Coverage,Log Loss,Diversity Metrics,Entropy Reduction,MAE,Model Confidence,Data Percentage,Data Count,EPOCHS,Top 1 Error,Top 5 Error
13.6,2.27,2.14,22.28,-1.0,2.45,-1,2.14,-1.0,2.18,0.17,0.17,22.22,10000,10,0.78,0.24
32.18,1.82,1.57,41.48,19.72,3.62,10,1.57,0.11999999731779099,1.64,0.15,0.37,33.33,15000,20,0.59,0.08
45.59,1.49,1.21,55.12,16.94,4.79,10,1.21,0.550000011920929,1.24,0.12,0.54,44.44,20000,30,0.45,0.04
55.98,1.21,0.97,65.32,14.16,5.96,10,0.97,0.7300000190734863,1.03,0.1,0.63,55.56,25000,40,0.35,0.03
65.49,0.96,0.77,72.72,11.37,7.13,10,0.77,0.800000011920929,0.78,0.08,0.72,66.67,30000,50,0.27,0.02
73.58,0.74,0.67,76.88,8.53,8.28,10,0.66,0.8500000238418579,0.66,0.06,0.76,77.78,35000,60,0.23,0.02
81.8,0.52,0.54,81.18,5.71,9.49,10,0.53,0.8600000143051147,0.5,0.05,0.82,88.89,40000,70,0.19,0.01
88.2,0.34,0.57,80.52,2.93,10.69,10,0.56,0.8199999928474426,0.41,0.05,0.85,100.0,45000,80,0.19,0.01
