Train Accuracy,Train Loss,Evaluation Loss,Evaluation Accuracy,Query Times,Training Times,Cluster Coverage,Log Loss,Diversity Metrics,Entropy Reduction,MAE,Model Confidence,Data Percentage,Data Count,EPOCHS,Top 1 Error,Top 5 Error
14.78,2.24,2.05,25.04,-1.0,2.45,-1,2.05,-1.0,2.09,0.17,0.21,22.22,10000,10,0.75,0.23
34.06,1.77,1.51,44.6,19.68,3.61,10,1.52,0.25,1.54,0.14,0.41,33.33,15000,20,0.55,0.09
46.85,1.46,1.16,56.9,16.87,4.77,10,1.16,0.6100000143051147,1.27,0.12,0.53,44.44,20000,30,0.43,0.04
57.1,1.19,0.89,67.6,14.09,5.94,10,0.89,0.7200000286102295,1.0,0.09,0.64,55.56,25000,40,0.32,0.02
66.49,0.93,0.72,74.56,11.28,7.1,10,0.72,0.8100000023841858,0.75,0.07,0.73,66.67,30000,50,0.25,0.02
74.54,0.71,0.59,78.88,8.49,8.28,10,0.59,0.8500000238418579,0.56,0.06,0.8,77.78,35000,60,0.21,0.01
82.35,0.5,0.56,80.94,5.7,9.43,10,0.56,0.8600000143051147,0.48,0.05,0.83,88.89,40000,70,0.19,0.01
88.42,0.33,0.5,83.12,2.92,10.62,10,0.51,0.8399999737739563,0.41,0.05,0.85,100.0,45000,80,0.17,0.01
