Train Accuracy,Train Loss,Evaluation Loss,Evaluation Accuracy,Query Times,Training Times,Cluster Coverage,Log Loss,Diversity Metrics,Entropy Reduction,MAE,Model Confidence,Data Percentage,Data Count,EPOCHS,Top 1 Error,Top 5 Error
68.98,0.88,1.34,63.02,-1.0,4.68,-1,1.34,-1.0,0.48,0.08,0.83,22.22,10000,10,0.37,0.03
87.14,0.38,1.05,73.22,6.18,6.96,10,1.04,0.8399999737739563,0.3,0.06,0.89,33.33,15000,20,0.27,0.02
92.43,0.23,0.85,78.94,5.32,9.23,10,0.86,0.8700000047683716,0.22,0.05,0.92,44.44,20000,30,0.21,0.01
94.68,0.16,0.77,81.58,4.47,11.53,10,0.77,0.8799999952316284,0.2,0.04,0.93,55.56,25000,40,0.18,0.01
96.86,0.1,0.8,81.96,3.59,13.73,10,0.79,0.8899999856948853,0.16,0.04,0.94,66.67,30000,50,0.18,0.01
98.41,0.05,0.75,83.86,2.66,15.88,10,0.74,0.8899999856948853,0.13,0.03,0.95,77.78,35000,60,0.16,0.01
99.07,0.03,0.73,84.22,1.78,18.15,10,0.72,0.8799999952316284,0.12,0.03,0.95,88.89,40000,70,0.16,0.01
99.25,0.02,0.82,83.84,0.96,20.39,10,0.81,0.8500000238418579,0.12,0.03,0.95,100.0,45000,80,0.16,0.01
