Train Accuracy,Train Loss,Evaluation Loss,Evaluation Accuracy,Query Times,Training Times,Cluster Coverage,Log Loss,Diversity Metrics,Entropy Reduction,MAE,Model Confidence,Data Percentage,Data Count,EPOCHS,Top 1 Error,Top 5 Error
69.63,0.85,1.45,60.9,-1.0,4.62,-1,1.45,-1.0,0.5,0.08,0.82,22.22,10000,10,0.39,0.04
87.65,0.37,1.05,73.0,6.02,6.89,10,1.05,0.8299999833106995,0.31,0.06,0.89,33.33,15000,20,0.27,0.03
92.4,0.23,1.04,75.38,5.17,9.13,10,1.05,0.8700000047683716,0.23,0.05,0.92,44.44,20000,30,0.25,0.02
94.98,0.15,0.8,80.78,4.34,11.35,10,0.8,0.8799999952316284,0.19,0.04,0.93,55.56,25000,40,0.19,0.01
96.63,0.11,0.82,81.32,3.5,13.63,10,0.81,0.8899999856948853,0.17,0.04,0.94,66.67,30000,50,0.19,0.01
98.33,0.05,0.79,83.18,2.66,15.87,10,0.79,0.8899999856948853,0.14,0.04,0.95,77.78,35000,60,0.17,0.01
99.01,0.03,0.83,83.0,1.79,18.15,10,0.83,0.8799999952316284,0.13,0.04,0.95,88.89,40000,70,0.17,0.01
99.35,0.02,0.79,83.96,0.96,20.4,10,0.78,0.8399999737739563,0.12,0.03,0.96,100.0,45000,80,0.16,0.01
