Train Accuracy,Train Loss,Evaluation Loss,Evaluation Accuracy,Query Times,Training Times,Cluster Coverage,Log Loss,Diversity Metrics,Entropy Reduction,MAE,Model Confidence,Data Percentage,Data Count,EPOCHS,Top 1 Error,Top 5 Error
69.41,0.86,1.61,59.62,-1.0,4.63,-1,1.61,-1.0,0.46,0.09,0.83,22.22,10000,10,0.4,0.05
87.43,0.37,1.09,72.54,6.04,6.87,10,1.09,0.8299999833106995,0.31,0.06,0.89,33.33,15000,20,0.27,0.02
92.44,0.23,0.92,77.98,5.17,9.13,10,0.91,0.8700000047683716,0.25,0.05,0.91,44.44,20000,30,0.22,0.02
94.63,0.16,0.84,80.48,4.31,11.38,10,0.85,0.8799999952316284,0.19,0.04,0.93,55.56,25000,40,0.2,0.01
96.73,0.1,0.84,81.34,3.46,13.63,10,0.84,0.8899999856948853,0.17,0.04,0.94,66.67,30000,50,0.19,0.01
98.34,0.05,0.79,82.86,2.61,15.89,10,0.79,0.8899999856948853,0.14,0.04,0.95,77.78,35000,60,0.17,0.01
99.09,0.03,0.82,82.6,1.8,18.12,10,0.82,0.8799999952316284,0.13,0.04,0.95,88.89,40000,70,0.17,0.01
99.24,0.02,0.76,83.58,0.95,20.39,10,0.77,0.8500000238418579,0.13,0.03,0.95,100.0,45000,80,0.16,0.01
