Train Accuracy,Train Loss,Evaluation Loss,Evaluation Accuracy,Query Times,Training Times,Cluster Coverage,Log Loss,Diversity Metrics,Entropy Reduction,MAE,Model Confidence,Data Percentage,Data Count,EPOCHS,Top 1 Error,Top 5 Error
32.8,1.86,1.54,43.62,-1.0,1.55,-1,1.55,-1.0,1.56,0.14,0.43,22.22,10000,10,0.56,0.09
51.29,1.36,1.23,56.06,4.0,2.28,10,1.23,0.5899999737739563,1.28,0.12,0.53,33.33,15000,20,0.44,0.05
62.02,1.08,1.0,64.38,3.42,2.95,10,1.0,0.699999988079071,1.09,0.1,0.61,44.44,20000,30,0.36,0.03
70.22,0.85,0.86,70.14,2.9,3.82,10,0.86,0.75,0.83,0.08,0.7,55.56,25000,40,0.3,0.02
76.56,0.67,0.73,74.24,2.58,4.58,10,0.73,0.7900000214576721,0.66,0.07,0.76,66.67,30000,50,0.26,0.02
81.46,0.53,0.67,76.82,1.76,5.05,10,0.67,0.8299999833106995,0.57,0.06,0.8,77.78,35000,60,0.23,0.02
85.04,0.43,0.66,77.7,1.21,5.74,10,0.66,0.8399999737739563,0.49,0.06,0.82,88.89,40000,70,0.22,0.02
87.98,0.35,0.66,78.52,0.65,6.45,10,0.66,0.8500000238418579,0.4,0.05,0.85,100.0,45000,80,0.21,0.01
