Train Accuracy,Train Loss,Evaluation Loss,Evaluation Accuracy,Query Times,Training Times,Cluster Coverage,Log Loss,Diversity Metrics,Entropy Reduction,MAE,Model Confidence,Data Percentage,Data Count,EPOCHS,Top 1 Error,Top 5 Error
32.24,1.86,1.52,45.42,-1.0,1.5,-1,1.52,-1.0,1.61,0.14,0.4,22.22,10000,10,0.55,0.09
51.69,1.34,1.2,57.84,3.89,2.22,10,1.2,0.5799999833106995,1.25,0.11,0.54,33.33,15000,20,0.42,0.05
61.8,1.07,0.98,64.64,3.37,2.92,10,0.98,0.7099999785423279,0.99,0.09,0.64,44.44,20000,30,0.35,0.03
70.48,0.84,0.84,70.38,2.77,3.59,10,0.84,0.7599999904632568,0.83,0.08,0.7,55.56,25000,40,0.3,0.02
76.94,0.66,0.75,74.34,2.29,4.3,10,0.75,0.800000011920929,0.66,0.07,0.76,66.67,30000,50,0.26,0.02
81.73,0.53,0.69,76.86,1.75,4.96,10,0.68,0.8199999928474426,0.58,0.06,0.79,77.78,35000,60,0.23,0.01
85.28,0.42,0.7,77.4,1.25,5.7,10,0.69,0.8299999833106995,0.46,0.06,0.83,88.89,40000,70,0.23,0.02
88.2,0.34,0.68,79.0,0.64,6.43,10,0.67,0.8500000238418579,0.41,0.05,0.85,100.0,45000,80,0.21,0.01
