Train Accuracy,Train Loss,Evaluation Loss,Evaluation Accuracy,Query Times,Training Times,Cluster Coverage,Log Loss,Diversity Metrics,Entropy Reduction,MAE,Model Confidence,Data Percentage,Data Count,EPOCHS,Top 1 Error,Top 5 Error
67.82,0.91,1.56,57.12,-1.0,6.55,-1,1.56,-1.0,0.6,0.09,0.78,22.22,10000,10,0.43,0.07
95.66,0.14,1.26,66.52,8.05,9.77,10,1.26,0.8199999928474426,0.44,0.07,0.84,33.33,15000,20,0.33,0.04
98.54,0.06,1.23,69.58,6.94,12.97,10,1.23,0.8500000238418579,0.36,0.07,0.87,44.44,20000,30,0.3,0.04
98.4,0.06,1.12,71.84,5.8,16.21,10,1.12,0.8500000238418579,0.33,0.06,0.88,55.56,25000,40,0.28,0.03
98.14,0.07,1.02,74.6,4.63,19.39,10,1.02,0.8399999737739563,0.29,0.05,0.89,66.67,30000,50,0.25,0.02
98.07,0.07,0.92,77.08,3.54,22.63,10,0.92,0.8299999833106995,0.27,0.05,0.9,77.78,35000,60,0.23,0.02
97.77,0.08,0.86,79.1,2.39,25.83,10,0.86,0.8199999928474426,0.23,0.04,0.91,88.89,40000,70,0.21,0.02
97.48,0.08,0.76,81.5,1.24,29.07,10,0.76,0.8199999928474426,0.21,0.04,0.92,100.0,45000,80,0.18,0.01
