Train Accuracy,Train Loss,Evaluation Loss,Evaluation Accuracy,Query Times,Training Times,Cluster Coverage,Log Loss,Diversity Metrics,Entropy Reduction,MAE,Model Confidence,Data Percentage,Data Count,EPOCHS,Top 1 Error,Top 5 Error
68.1,0.9,1.49,56.0,-1.0,6.52,-1,1.51,-1.0,0.66,0.1,0.76,22.22,10000,10,0.44,0.06
95.11,0.16,1.34,65.98,8.01,9.73,10,1.36,0.8199999928474426,0.41,0.07,0.85,33.33,15000,20,0.34,0.04
98.46,0.06,1.2,69.48,6.88,12.94,10,1.21,0.8500000238418579,0.37,0.07,0.87,44.44,20000,30,0.31,0.03
98.64,0.05,1.14,71.52,5.79,16.12,10,1.15,0.8500000238418579,0.33,0.06,0.88,55.56,25000,40,0.28,0.03
98.16,0.07,1.1,72.68,4.68,19.3,10,1.11,0.8399999737739563,0.3,0.06,0.89,66.67,30000,50,0.27,0.03
97.86,0.07,1.05,74.54,3.5,22.53,10,1.06,0.8299999833106995,0.27,0.05,0.9,77.78,35000,60,0.25,0.03
97.67,0.08,0.91,77.52,2.35,25.76,10,0.92,0.8199999928474426,0.24,0.05,0.91,88.89,40000,70,0.22,0.02
97.42,0.09,0.84,79.66,1.24,28.95,10,0.84,0.8100000023841858,0.23,0.04,0.92,100.0,45000,80,0.2,0.02
