Train Accuracy,Train Loss,Evaluation Loss,Evaluation Accuracy,Query Times,Training Times,Cluster Coverage,Log Loss,Diversity Metrics,Entropy Reduction,MAE,Model Confidence,Data Percentage,Data Count,EPOCHS,Top 1 Error,Top 5 Error
12.63,2.28,2.09,23.5,-1.0,2.45,-1,2.09,-1.0,2.15,0.17,0.18,22.22,10000,10,0.76,0.25
41.69,1.59,1.42,47.88,19.77,4.79,10,1.41,0.20000000298023224,1.54,0.13,0.43,44.44,20000,20,0.52,0.07
60.38,1.11,1.06,61.36,14.15,7.15,10,1.06,0.5699999928474426,1.07,0.1,0.61,66.67,30000,30,0.39,0.03
70.46,0.84,0.79,72.26,8.55,9.48,10,0.78,0.6399999856948853,0.85,0.08,0.7,88.89,40000,40,0.28,0.02
77.0,0.65,0.62,78.12,2.92,10.66,10,0.62,0.6299999952316284,0.61,0.06,0.78,100.0,45000,50,0.22,0.01
