Train Accuracy,Train Loss,Evaluation Loss,Evaluation Accuracy,Query Times,Training Times,Cluster Coverage,Log Loss,Diversity Metrics,Entropy Reduction,MAE,Model Confidence,Data Percentage,Data Count,EPOCHS,Top 1 Error,Top 5 Error
12.37,2.28,2.14,24.48,-1.0,31.14,-1,2.14,-1.0,2.21,0.17,0.15,22.22,10000,10,0.76,0.24
32.77,1.81,1.53,42.66,258.08,46.4,10,1.53,0.10000000149011612,1.55,0.14,0.42,33.33,15000,20,0.57,0.08
45.26,1.49,1.2,55.84,221.31,61.94,10,1.2,0.6000000238418579,1.26,0.12,0.53,44.44,20000,30,0.44,0.05
55.61,1.22,0.88,68.48,183.58,79.04,10,0.88,0.7300000190734863,0.88,0.09,0.68,55.56,25000,40,0.32,0.02
65.37,0.96,0.68,75.7,159.37,99.98,10,0.68,0.8100000023841858,0.72,0.07,0.74,66.67,30000,50,0.24,0.01
73.97,0.73,0.59,79.3,119.03,115.97,10,0.59,0.8500000238418579,0.61,0.06,0.78,77.78,35000,60,0.21,0.01
82.25,0.51,0.53,81.4,82.15,132.86,10,0.53,0.8500000238418579,0.51,0.05,0.82,88.89,40000,70,0.19,0.01
88.38,0.33,0.51,83.2,39.61,142.41,10,0.51,0.8399999737739563,0.41,0.04,0.85,100.0,45000,80,0.17,0.01
