Train Accuracy,Train Loss,Evaluation Loss,Evaluation Accuracy,Query Times,Training Times,Cluster Coverage,Log Loss,Diversity Metrics,Entropy Reduction,MAE,Model Confidence,Data Percentage,Data Count,EPOCHS,Top 1 Error,Top 5 Error
12.73,2.27,2.14,21.22,-1.0,31.1,-1,2.14,-1.0,2.17,0.17,0.17,22.22,10000,10,0.79,0.24
33.25,1.79,1.53,43.1,258.96,46.6,10,1.53,0.12999999523162842,1.61,0.14,0.39,33.33,15000,20,0.57,0.08
45.68,1.48,1.18,56.78,220.71,62.03,10,1.18,0.5899999737739563,1.21,0.11,0.55,44.44,20000,30,0.43,0.04
55.97,1.21,0.92,66.8,184.7,77.15,10,0.92,0.7400000095367432,0.97,0.09,0.64,55.56,25000,40,0.33,0.02
65.59,0.96,0.75,73.76,146.02,92.67,10,0.75,0.8100000023841858,0.79,0.08,0.72,66.67,30000,50,0.26,0.01
74.04,0.72,0.59,78.78,109.66,107.81,10,0.59,0.8399999737739563,0.58,0.06,0.79,77.78,35000,60,0.21,0.01
82.2,0.51,0.54,81.98,73.36,123.32,10,0.54,0.8500000238418579,0.52,0.05,0.82,88.89,40000,70,0.18,0.01
88.75,0.32,0.53,82.68,36.98,138.92,10,0.53,0.8500000238418579,0.38,0.04,0.86,100.0,45000,80,0.17,0.01
