Train Accuracy,Train Loss,Evaluation Loss,Evaluation Accuracy,Query Times,Training Times,Cluster Coverage,Log Loss,Diversity Metrics,Entropy Reduction,MAE,Model Confidence,Data Percentage,Data Count,EPOCHS,Top 1 Error,Top 5 Error
12.8,2.29,2.16,18.64,-1.0,31.15,-1,2.16,-1.0,2.23,0.18,0.17,22.22,10000,10,0.81,0.3
34.14,1.76,1.51,43.32,259.06,46.51,10,1.51,0.09000000357627869,1.61,0.14,0.39,33.33,15000,20,0.57,0.07
44.62,1.5,1.2,55.74,222.31,61.96,10,1.2,0.5799999833106995,1.28,0.12,0.53,44.44,20000,30,0.44,0.04
54.53,1.24,0.97,65.52,183.74,77.12,10,0.97,0.7300000190734863,1.0,0.09,0.64,55.56,25000,40,0.34,0.03
64.78,0.97,0.75,73.14,146.81,92.51,10,0.76,0.800000011920929,0.82,0.08,0.71,66.67,30000,50,0.27,0.02
73.1,0.75,0.62,78.6,110.77,108.06,10,0.62,0.8399999737739563,0.66,0.06,0.77,77.78,35000,60,0.21,0.01
81.33,0.53,0.57,80.84,73.61,123.63,10,0.57,0.8500000238418579,0.51,0.05,0.82,88.89,40000,70,0.19,0.01
87.56,0.36,0.52,82.1,36.63,146.49,10,0.52,0.8299999833106995,0.44,0.05,0.84,100.0,45000,80,0.18,0.01
