Train Accuracy,Train Loss,Evaluation Loss,Evaluation Accuracy,Query Times,Training Times,Cluster Coverage,Log Loss,Diversity Metrics,Entropy Reduction,MAE,Model Confidence,Data Percentage,Data Count,EPOCHS,Top 1 Error,Top 5 Error
11.03,2.29,2.22,19.02,-1.0,31.02,-1,2.22,-1.0,2.27,0.18,0.13,22.22,10000,10,0.81,0.33
33.79,1.78,1.48,45.3,257.58,46.53,10,1.48,0.029999999329447746,1.61,0.14,0.39,33.33,15000,20,0.55,0.07
45.61,1.48,1.19,56.26,222.47,62.04,10,1.19,0.5799999833106995,1.22,0.12,0.54,44.44,20000,30,0.44,0.04
56.18,1.21,0.91,68.0,185.52,77.31,10,0.91,0.7200000286102295,0.96,0.09,0.65,55.56,25000,40,0.32,0.02
65.73,0.95,0.69,75.6,147.93,92.72,10,0.7,0.800000011920929,0.8,0.07,0.72,66.67,30000,50,0.24,0.01
73.82,0.73,0.59,78.88,111.52,108.08,10,0.59,0.8399999737739563,0.63,0.06,0.78,77.78,35000,60,0.21,0.01
81.91,0.52,0.51,82.08,73.19,123.42,10,0.52,0.8500000238418579,0.48,0.05,0.83,88.89,40000,70,0.18,0.01
88.07,0.34,0.48,83.68,36.48,139.04,10,0.48,0.8299999833106995,0.39,0.04,0.86,100.0,45000,80,0.16,0.01
