Train Accuracy,Train Loss,Evaluation Loss,Evaluation Accuracy,Query Times,Training Times,Cluster Coverage,Log Loss,Diversity Metrics,Entropy Reduction,MAE,Model Confidence,Data Percentage,Data Count,EPOCHS,Top 1 Error,Top 5 Error
24.67,2.05,1.81,35.16,-1.0,1.54,-1,1.81,-1.0,1.83,0.16,0.34,22.22,10000,10,0.65,0.15
43.64,1.58,1.47,47.18,4.06,2.3,10,1.47,0.4699999988079071,1.49,0.13,0.45,33.33,15000,20,0.53,0.08
51.18,1.37,1.36,51.78,3.59,2.96,10,1.36,0.6299999952316284,1.32,0.12,0.52,44.44,20000,30,0.48,0.06
56.8,1.22,1.26,55.86,3.15,3.72,10,1.26,0.6800000071525574,1.17,0.11,0.58,55.56,25000,40,0.44,0.06
61.75,1.09,1.17,58.92,2.4,4.49,10,1.18,0.7300000190734863,1.02,0.1,0.63,66.67,30000,50,0.41,0.04
66.25,0.96,1.06,63.32,1.87,5.14,10,1.06,0.7599999904632568,0.95,0.1,0.66,77.78,35000,60,0.37,0.03
69.73,0.86,1.03,65.38,1.34,5.95,10,1.03,0.7799999713897705,0.85,0.09,0.7,88.89,40000,70,0.35,0.04
72.36,0.79,0.98,66.76,0.64,6.68,10,0.99,0.800000011920929,0.78,0.08,0.72,100.0,45000,80,0.33,0.03
