Train Accuracy,Train Loss,Evaluation Loss,Evaluation Accuracy,Query Times,Training Times,Cluster Coverage,Log Loss,Diversity Metrics,Entropy Reduction,MAE,Model Confidence,Data Percentage,Data Count,EPOCHS,Top 1 Error,Top 5 Error
25.67,2.05,1.79,35.92,-1.0,1.54,-1,1.79,-1.0,1.84,0.16,0.32,22.22,10000,10,0.64,0.15
44.88,1.53,1.43,49.06,4.12,2.29,10,1.43,0.44999998807907104,1.46,0.13,0.47,33.33,15000,20,0.51,0.08
52.49,1.33,1.31,52.76,3.68,3.0,10,1.31,0.6399999856948853,1.28,0.12,0.53,44.44,20000,30,0.47,0.06
57.98,1.17,1.22,56.58,2.88,3.7,10,1.22,0.6899999976158142,1.12,0.11,0.59,55.56,25000,40,0.43,0.05
62.67,1.05,1.13,59.32,2.43,4.41,10,1.13,0.7400000095367432,1.04,0.1,0.62,66.67,30000,50,0.41,0.04
66.34,0.95,1.09,62.02,1.94,5.22,10,1.09,0.7599999904632568,0.92,0.1,0.67,77.78,35000,60,0.38,0.04
69.62,0.87,1.05,64.14,1.24,5.97,10,1.05,0.7799999713897705,0.85,0.09,0.69,88.89,40000,70,0.36,0.03
72.35,0.79,1.01,65.72,0.7,6.71,10,1.01,0.7900000214576721,0.79,0.09,0.72,100.0,45000,80,0.34,0.03
