Train Accuracy,Train Loss,Evaluation Loss,Evaluation Accuracy,Query Times,Training Times,Cluster Coverage,Log Loss,Diversity Metrics,Entropy Reduction,MAE,Model Confidence,Data Percentage,Data Count,EPOCHS,Top 1 Error,Top 5 Error
24.99,2.06,1.8,36.34,-1.0,1.58,-1,1.8,-1.0,1.85,0.16,0.33,22.22,10000,10,0.64,0.15
44.27,1.57,1.48,46.12,4.18,2.22,10,1.48,0.4699999988079071,1.47,0.13,0.47,33.33,15000,20,0.54,0.08
52.83,1.33,1.33,52.7,3.45,2.98,10,1.33,0.6499999761581421,1.31,0.12,0.53,44.44,20000,30,0.47,0.06
58.64,1.17,1.21,56.22,3.01,3.71,10,1.21,0.6899999976158142,1.14,0.11,0.59,55.56,25000,40,0.44,0.05
63.68,1.03,1.13,60.28,2.29,4.47,10,1.13,0.7400000095367432,1.0,0.1,0.64,66.67,30000,50,0.4,0.04
67.86,0.91,1.04,63.78,1.76,5.2,10,1.04,0.7599999904632568,0.9,0.09,0.68,77.78,35000,60,0.36,0.04
71.13,0.82,1.0,65.5,1.38,5.9,10,1.0,0.7900000214576721,0.82,0.09,0.7,88.89,40000,70,0.34,0.03
73.75,0.75,1.0,66.08,0.67,6.69,10,0.99,0.800000011920929,0.75,0.08,0.73,100.0,45000,80,0.34,0.03
