Train Accuracy,Train Loss,Evaluation Loss,Evaluation Accuracy,Query Times,Training Times,Cluster Coverage,Log Loss,Diversity Metrics,Entropy Reduction,MAE,Model Confidence,Data Percentage,Data Count,EPOCHS,Top 1 Error,Top 5 Error
13.82,2.27,2.05,25.42,-1.0,31.17,-1,2.05,-1.0,2.09,0.17,0.21,22.22,10000,10,0.75,0.22
35.27,1.75,1.5,44.7,33.11,46.78,10,1.5,0.23000000417232513,1.39,0.13,0.49,33.33,15000,20,0.55,0.07
47.55,1.42,1.23,56.3,28.3,62.24,10,1.23,0.6499999761581421,1.08,0.11,0.61,44.44,20000,30,0.44,0.05
58.11,1.15,0.91,68.66,23.75,77.36,10,0.91,0.75,0.8,0.08,0.71,55.56,25000,40,0.31,0.03
66.33,0.93,0.71,74.92,18.62,93.05,10,0.71,0.8199999928474426,0.69,0.07,0.76,66.67,30000,50,0.25,0.02
73.85,0.73,0.57,80.28,14.99,108.63,10,0.57,0.8399999737739563,0.55,0.05,0.81,77.78,35000,60,0.2,0.01
81.76,0.52,0.55,82.82,9.6,124.25,10,0.55,0.8500000238418579,0.36,0.04,0.87,88.89,40000,70,0.17,0.01
87.81,0.35,0.5,83.9,4.89,139.41,10,0.49,0.8500000238418579,0.34,0.04,0.88,100.0,45000,80,0.16,0.01
