Train Accuracy,Train Loss,Evaluation Loss,Evaluation Accuracy,Query Times,Training Times,Cluster Coverage,Log Loss,Diversity Metrics,Entropy Reduction,MAE,Model Confidence,Data Percentage,Data Count,EPOCHS,Top 1 Error,Top 5 Error
23.54,2.13,1.89,33.76,-1.0,1.57,-1,1.89,-1.0,1.92,0.16,0.3,22.22,10000,10,0.66,0.17
41.61,1.64,1.52,44.88,4.09,2.27,10,1.52,0.4000000059604645,1.58,0.14,0.43,33.33,15000,20,0.55,0.08
51.41,1.37,1.33,52.54,3.54,3.07,10,1.33,0.5899999737739563,1.32,0.12,0.53,44.44,20000,30,0.47,0.06
57.61,1.2,1.2,57.22,2.91,3.71,10,1.21,0.6899999976158142,1.13,0.11,0.59,55.56,25000,40,0.43,0.05
62.92,1.06,1.09,61.32,2.4,4.48,10,1.09,0.7400000095367432,1.03,0.1,0.63,66.67,30000,50,0.39,0.04
67.29,0.93,1.06,63.44,1.79,5.22,10,1.07,0.7599999904632568,0.96,0.1,0.65,77.78,35000,60,0.37,0.04
70.7,0.84,0.97,66.2,1.2,5.97,10,0.98,0.7599999904632568,0.84,0.09,0.7,88.89,40000,70,0.34,0.03
73.39,0.76,0.95,67.4,0.67,6.6,10,0.96,0.800000011920929,0.79,0.08,0.72,100.0,45000,80,0.33,0.03
