Train Accuracy,Train Loss,Evaluation Loss,Evaluation Accuracy,Query Times,Training Times,Cluster Coverage,Log Loss,Diversity Metrics,Entropy Reduction,MAE,Model Confidence,Data Percentage,Data Count,EPOCHS,Top 1 Error,Top 5 Error
22.21,2.11,1.86,34.1,-1.0,1.54,-1,1.85,-1.0,1.88,0.16,0.32,22.22,10000,10,0.66,0.17
42.03,1.63,1.54,45.86,4.28,2.27,10,1.54,0.4399999976158142,1.54,0.14,0.44,33.33,15000,20,0.54,0.09
51.06,1.37,1.35,52.72,3.65,3.0,10,1.35,0.6100000143051147,1.34,0.12,0.51,44.44,20000,30,0.47,0.07
56.74,1.22,1.27,56.22,3.05,3.7,10,1.27,0.6800000071525574,1.18,0.11,0.57,55.56,25000,40,0.44,0.06
61.59,1.09,1.12,60.48,2.33,4.48,10,1.13,0.7200000286102295,1.09,0.1,0.61,66.67,30000,50,0.4,0.05
65.66,0.98,1.07,63.38,1.8,5.09,10,1.07,0.75,0.95,0.1,0.66,77.78,35000,60,0.37,0.04
68.95,0.89,1.02,65.62,1.28,5.89,10,1.02,0.7699999809265137,0.89,0.09,0.68,88.89,40000,70,0.34,0.04
71.63,0.81,0.99,66.48,0.67,6.67,10,0.99,0.7900000214576721,0.83,0.09,0.7,100.0,45000,80,0.34,0.03
