Train Accuracy,Train Loss,Evaluation Loss,Evaluation Accuracy,Query Times,Training Times,Cluster Coverage,Log Loss,Diversity Metrics,Entropy Reduction,MAE,Model Confidence,Data Percentage,Data Count,EPOCHS,Top 1 Error,Top 5 Error
14.38,2.24,2.01,25.08,-1.0,2.45,-1,2.02,-1.0,2.01,0.17,0.26,22.22,10000,10,0.75,0.22
35.81,1.72,1.42,46.66,19.8,4.8,10,1.42,0.33000001311302185,1.47,0.13,0.45,44.44,20000,20,0.53,0.07
52.13,1.29,1.05,62.98,14.19,7.13,10,1.05,0.6499999761581421,1.1,0.1,0.6,66.67,30000,30,0.37,0.03
67.21,0.92,0.72,75.26,8.57,9.48,10,0.72,0.7699999809265137,0.76,0.07,0.73,88.89,40000,40,0.25,0.02
78.36,0.62,0.61,78.3,2.91,10.65,10,0.61,0.8199999928474426,0.6,0.06,0.78,100.0,45000,50,0.22,0.01
