Train Accuracy,Train Loss,Evaluation Loss,Evaluation Accuracy,Query Times,Training Times,Cluster Coverage,Log Loss,Diversity Metrics,Entropy Reduction,MAE,Model Confidence,Data Percentage,Data Count,EPOCHS,Top 1 Error,Top 5 Error
14.41,2.27,2.09,23.98,-1.0,2.45,-1,2.09,-1.0,2.12,0.17,0.21,22.22,10000,10,0.76,0.24
34.39,1.74,1.48,46.12,3.85,4.79,10,1.49,0.23000000417232513,1.37,0.13,0.48,44.44,20000,20,0.54,0.08
49.38,1.36,1.03,62.74,2.84,7.13,10,1.03,0.6600000262260437,0.98,0.1,0.64,66.67,30000,30,0.37,0.03
66.02,0.95,0.76,73.4,1.74,9.48,10,0.76,0.7799999713897705,0.74,0.07,0.74,88.89,40000,40,0.27,0.02
77.71,0.64,0.64,77.92,0.65,10.65,10,0.64,0.8100000023841858,0.63,0.06,0.78,100.0,45000,50,0.22,0.01
