Train Accuracy,Train Loss,Evaluation Loss,Evaluation Accuracy,Query Times,Training Times,Cluster Coverage,Log Loss,Diversity Metrics,Entropy Reduction,MAE,Model Confidence,Data Percentage,Data Count,EPOCHS,Top 1 Error,Top 5 Error
14.57,2.24,2.06,23.02,-1.0,2.45,-1,2.06,-1.0,2.08,0.17,0.23,22.22,10000,10,0.77,0.22
34.59,1.73,1.46,46.46,4.1,4.8,10,1.46,0.23999999463558197,1.34,0.13,0.49,44.44,20000,20,0.54,0.07
50.42,1.35,1.02,64.16,2.85,7.14,10,1.02,0.6700000166893005,0.97,0.1,0.65,66.67,30000,30,0.36,0.03
66.78,0.93,0.7,75.5,1.75,9.47,10,0.7,0.7799999713897705,0.73,0.07,0.74,88.89,40000,40,0.24,0.02
78.14,0.62,0.66,77.64,0.65,10.66,10,0.67,0.8199999928474426,0.48,0.06,0.83,100.0,45000,50,0.22,0.02
