Train Accuracy,Train Loss,Evaluation Loss,Evaluation Accuracy,Query Times,Training Times,Cluster Coverage,Log Loss,Diversity Metrics,Entropy Reduction,MAE,Model Confidence,Data Percentage,Data Count,EPOCHS,Top 1 Error,Top 5 Error
24.9,2.06,1.8,34.94,-1.0,1.52,-1,1.81,-1.0,1.85,0.16,0.33,22.22,10000,10,0.65,0.15
50.95,1.39,1.48,46.54,4.19,2.23,10,1.49,0.4399999976158142,1.48,0.13,0.46,33.33,15000,20,0.53,0.08
61.38,1.12,1.35,51.84,3.5,2.98,10,1.36,0.5799999833106995,1.35,0.12,0.51,44.44,20000,30,0.48,0.07
66.24,0.99,1.26,55.28,2.94,3.73,10,1.27,0.5799999833106995,1.19,0.11,0.57,55.56,25000,40,0.45,0.06
68.75,0.91,1.18,58.88,2.43,4.42,10,1.19,0.5899999737739563,1.1,0.11,0.6,66.67,30000,50,0.41,0.05
70.29,0.86,1.11,61.08,1.81,5.19,10,1.11,0.5299999713897705,0.97,0.1,0.65,77.78,35000,60,0.39,0.05
70.86,0.83,1.07,63.26,1.23,5.95,10,1.08,0.5600000023841858,0.92,0.09,0.67,88.89,40000,70,0.37,0.04
70.49,0.84,1.02,65.58,0.66,6.72,10,1.02,0.4699999988079071,0.87,0.09,0.69,100.0,45000,80,0.34,0.04
