Train Accuracy,Train Loss,Evaluation Loss,Evaluation Accuracy,Query Times,Training Times,Cluster Coverage,Log Loss,Diversity Metrics,Entropy Reduction,MAE,Model Confidence,Data Percentage,Data Count,EPOCHS,Top 1 Error,Top 5 Error
23.12,2.08,1.81,35.34,-1.0,1.55,-1,1.81,-1.0,1.87,0.16,0.32,22.22,10000,10,0.65,0.16
49.52,1.44,1.54,44.72,4.19,2.29,10,1.54,0.4399999976158142,1.56,0.14,0.44,33.33,15000,20,0.55,0.09
59.67,1.16,1.4,50.38,3.7,3.01,10,1.4,0.5699999928474426,1.37,0.13,0.51,44.44,20000,30,0.5,0.08
64.98,1.02,1.29,54.28,2.98,3.75,10,1.28,0.5799999833106995,1.27,0.12,0.54,55.56,25000,40,0.46,0.06
68.2,0.92,1.2,57.3,2.4,4.45,10,1.2,0.5400000214576721,1.13,0.11,0.59,66.67,30000,50,0.43,0.05
70.04,0.86,1.14,59.86,1.85,5.2,10,1.14,0.5400000214576721,1.02,0.1,0.63,77.78,35000,60,0.4,0.04
70.91,0.83,1.09,62.26,1.3,5.95,10,1.09,0.5099999904632568,0.89,0.09,0.68,88.89,40000,70,0.38,0.04
70.56,0.83,1.05,63.88,0.67,6.74,10,1.05,0.550000011920929,0.84,0.09,0.7,100.0,45000,80,0.36,0.04
