Train Accuracy,Train Loss,Evaluation Loss,Evaluation Accuracy,Query Times,Training Times,Cluster Coverage,Log Loss,Diversity Metrics,Entropy Reduction,MAE,Model Confidence,Data Percentage,Data Count,EPOCHS,Top 1 Error,Top 5 Error
69.75,0.85,1.25,63.88,-1.0,4.62,-1,1.26,-1.0,0.48,0.08,0.83,22.22,10000,10,0.36,0.04
94.92,0.15,1.18,71.52,6.0,6.88,10,1.18,0.8399999737739563,0.29,0.06,0.89,33.33,15000,20,0.28,0.02
98.26,0.06,1.16,74.58,5.13,9.13,10,1.16,0.8600000143051147,0.23,0.05,0.92,44.44,20000,30,0.25,0.02
98.62,0.05,1.09,75.46,4.3,11.37,10,1.1,0.8700000047683716,0.22,0.05,0.92,55.56,25000,40,0.25,0.02
98.09,0.06,1.04,77.08,3.5,13.62,10,1.04,0.8600000143051147,0.2,0.05,0.93,66.67,30000,50,0.23,0.02
97.77,0.07,0.85,80.2,2.66,15.88,10,0.85,0.8500000238418579,0.19,0.04,0.93,77.78,35000,60,0.2,0.02
97.37,0.08,0.77,81.38,1.78,18.12,10,0.78,0.8299999833106995,0.17,0.04,0.94,88.89,40000,70,0.19,0.01
96.73,0.1,0.67,83.68,0.93,20.38,10,0.68,0.8100000023841858,0.17,0.03,0.94,100.0,45000,80,0.16,0.01
