Train Accuracy,Train Loss,Evaluation Loss,Evaluation Accuracy,Query Times,Training Times,Cluster Coverage,Log Loss,Diversity Metrics,Entropy Reduction,MAE,Model Confidence,Data Percentage,Data Count,EPOCHS,Top 1 Error,Top 5 Error
13.54,2.27,2.05,24.86,-1.0,33.4,-1,2.05,-1.0,2.0,0.17,0.25,22.22,10000,10,0.75,0.25
34.75,1.73,1.57,42.72,35.62,52.0,10,1.57,0.30000001192092896,1.5,0.14,0.44,33.33,15000,20,0.57,0.09
46.03,1.46,1.23,55.8,32.07,64.47,10,1.23,0.6200000047683716,1.13,0.11,0.59,44.44,20000,30,0.44,0.05
55.87,1.21,0.92,67.6,24.29,79.54,10,0.93,0.75,0.92,0.09,0.67,55.56,25000,40,0.32,0.03
65.83,0.94,0.71,75.52,18.69,95.82,10,0.71,0.800000011920929,0.66,0.07,0.76,66.67,30000,50,0.24,0.02
74.0,0.73,0.58,80.08,14.58,108.64,10,0.58,0.8399999737739563,0.51,0.05,0.82,77.78,35000,60,0.2,0.01
81.73,0.52,0.5,82.8,9.82,124.25,10,0.5,0.8399999737739563,0.46,0.05,0.84,88.89,40000,70,0.17,0.01
87.52,0.36,0.49,84.16,4.77,140.57,10,0.48,0.8399999737739563,0.33,0.04,0.88,100.0,45000,80,0.16,0.01
