Train Accuracy,Train Loss,Evaluation Loss,Evaluation Accuracy,Query Times,Training Times,Cluster Coverage,Log Loss,Diversity Metrics,Entropy Reduction,MAE,Model Confidence,Data Percentage,Data Count,EPOCHS,Top 1 Error,Top 5 Error
12.97,2.28,2.12,23.86,-1.0,31.26,-1,2.12,-1.0,2.18,0.17,0.18,22.22,10000,10,0.76,0.24
32.78,1.8,1.45,46.18,32.93,46.73,10,1.46,0.12999999523162842,1.49,0.14,0.44,33.33,15000,20,0.54,0.07
45.64,1.47,1.18,57.28,28.8,62.18,10,1.18,0.6399999856948853,1.08,0.11,0.6,44.44,20000,30,0.43,0.04
56.27,1.19,0.85,69.96,23.6,77.55,10,0.85,0.7599999904632568,0.84,0.08,0.7,55.56,25000,40,0.3,0.02
65.58,0.95,0.72,75.0,19.15,92.91,10,0.72,0.8299999833106995,0.69,0.07,0.76,66.67,30000,50,0.25,0.02
74.0,0.73,0.57,80.22,14.25,108.53,10,0.57,0.8500000238418579,0.49,0.05,0.83,77.78,35000,60,0.2,0.01
81.95,0.51,0.51,82.68,9.32,124.16,10,0.51,0.8500000238418579,0.42,0.05,0.85,88.89,40000,70,0.17,0.01
87.94,0.34,0.48,83.72,4.98,139.85,10,0.48,0.8299999833106995,0.32,0.04,0.89,100.0,45000,80,0.16,0.01
