Train Accuracy,Train Loss,Evaluation Loss,Evaluation Accuracy,Query Times,Training Times,Cluster Coverage,Log Loss,Diversity Metrics,Entropy Reduction,MAE,Model Confidence,Data Percentage,Data Count,EPOCHS,Top 1 Error,Top 5 Error
70.18,0.84,1.31,64.42,-1.0,4.63,-1,1.3,-1.0,0.49,0.08,0.83,22.22,10000,10,0.36,0.04
86.76,0.39,1.14,71.52,6.01,6.87,10,1.12,0.8399999737739563,0.31,0.06,0.89,33.33,15000,20,0.28,0.02
92.43,0.23,0.97,77.02,5.19,9.14,10,0.97,0.8700000047683716,0.23,0.05,0.92,44.44,20000,30,0.23,0.02
95.12,0.15,0.85,80.16,4.27,11.38,10,0.86,0.8799999952316284,0.19,0.04,0.93,55.56,25000,40,0.2,0.01
96.81,0.1,0.84,82.08,3.48,13.61,10,0.84,0.8899999856948853,0.16,0.04,0.94,66.67,30000,50,0.18,0.01
98.46,0.05,0.83,82.6,2.64,15.9,10,0.82,0.8899999856948853,0.14,0.04,0.95,77.78,35000,60,0.17,0.01
99.12,0.03,0.82,83.08,1.79,18.14,10,0.83,0.8799999952316284,0.13,0.04,0.95,88.89,40000,70,0.17,0.01
99.31,0.02,0.87,83.24,0.97,20.41,10,0.87,0.8600000143051147,0.12,0.04,0.96,100.0,45000,80,0.17,0.01
