Train Accuracy,Train Loss,Evaluation Loss,Evaluation Accuracy,Query Times,Training Times,Cluster Coverage,Log Loss,Diversity Metrics,Entropy Reduction,MAE,Model Confidence,Data Percentage,Data Count,EPOCHS,Top 1 Error,Top 5 Error
25.18,2.08,1.9,30.86,-1.0,1.55,-1,1.89,-1.0,1.88,0.16,0.3,22.22,10000,10,0.69,0.17
38.79,1.7,1.53,44.88,4.09,2.29,10,1.53,0.41999998688697815,1.49,0.14,0.45,33.33,15000,20,0.55,0.08
47.21,1.46,1.35,52.28,3.64,2.99,10,1.35,0.6399999856948853,1.32,0.12,0.52,44.44,20000,30,0.48,0.06
51.48,1.33,1.21,56.74,2.99,3.74,10,1.21,0.7099999785423279,1.2,0.11,0.57,55.56,25000,40,0.43,0.05
55.04,1.23,1.16,59.1,2.39,4.52,10,1.16,0.7599999904632568,1.06,0.1,0.62,66.67,30000,50,0.41,0.04
59.94,1.11,1.09,61.64,1.76,5.21,10,1.09,0.8100000023841858,0.97,0.1,0.65,77.78,35000,60,0.38,0.04
66.05,0.97,1.01,64.74,1.22,5.84,10,1.01,0.8299999833106995,0.92,0.09,0.67,88.89,40000,70,0.35,0.03
72.25,0.8,1.0,65.7,0.63,6.59,10,1.0,0.8299999833106995,0.79,0.09,0.71,100.0,45000,80,0.34,0.03
