Train Accuracy,Train Loss,Evaluation Loss,Evaluation Accuracy,Query Times,Training Times,Cluster Coverage,Log Loss,Diversity Metrics,Entropy Reduction,MAE,Model Confidence,Data Percentage,Data Count,EPOCHS,Top 1 Error,Top 5 Error
24.48,2.07,1.79,35.74,-1.0,1.52,-1,1.79,-1.0,1.87,0.16,0.31,22.22,10000,10,0.64,0.14
41.79,1.6,1.46,46.88,4.2,2.28,10,1.47,0.4399999976158142,1.47,0.13,0.46,33.33,15000,20,0.53,0.08
48.29,1.42,1.27,54.82,3.7,3.0,10,1.27,0.6399999856948853,1.3,0.12,0.53,44.44,20000,30,0.45,0.05
52.86,1.29,1.15,59.32,3.08,3.76,10,1.16,0.7200000286102295,1.12,0.11,0.59,55.56,25000,40,0.41,0.05
58.1,1.15,1.03,64.06,2.43,4.49,10,1.03,0.7799999713897705,0.98,0.1,0.65,66.67,30000,50,0.36,0.04
63.18,1.02,0.96,66.78,1.82,5.17,10,0.96,0.8199999928474426,0.9,0.09,0.68,77.78,35000,60,0.33,0.03
69.23,0.87,0.92,68.78,1.26,5.91,10,0.92,0.8399999737739563,0.78,0.08,0.72,88.89,40000,70,0.31,0.03
75.19,0.71,0.87,69.62,0.66,6.62,10,0.88,0.8299999833106995,0.73,0.08,0.74,100.0,45000,80,0.3,0.03
