Train Accuracy,Train Loss,Evaluation Loss,Evaluation Accuracy,Query Times,Training Times,Cluster Coverage,Log Loss,Diversity Metrics,Entropy Reduction,MAE,Model Confidence,Data Percentage,Data Count,EPOCHS,Top 1 Error,Top 5 Error
23.9,2.05,1.77,35.58,-1.0,1.56,-1,1.76,-1.0,1.83,0.16,0.33,22.22,10000,10,0.64,0.14
41.27,1.62,1.53,44.42,4.14,2.29,10,1.53,0.4699999988079071,1.43,0.13,0.47,33.33,15000,20,0.56,0.09
48.23,1.43,1.29,53.3,3.68,3.01,10,1.29,0.6499999761581421,1.26,0.12,0.55,44.44,20000,30,0.47,0.06
52.46,1.31,1.18,57.8,2.91,3.69,10,1.18,0.7300000190734863,1.14,0.11,0.59,55.56,25000,40,0.42,0.05
56.7,1.19,1.09,60.98,2.54,4.5,10,1.09,0.7799999713897705,1.02,0.1,0.63,66.67,30000,50,0.39,0.04
61.8,1.06,1.02,63.28,1.93,5.2,10,1.02,0.8199999928474426,0.92,0.09,0.67,77.78,35000,60,0.37,0.04
67.75,0.92,1.0,64.84,1.21,5.88,10,1.0,0.8399999737739563,0.84,0.09,0.7,88.89,40000,70,0.35,0.03
73.95,0.75,0.99,65.96,0.7,6.71,10,0.99,0.8399999737739563,0.77,0.08,0.72,100.0,45000,80,0.34,0.03
