Train Accuracy,Train Loss,Evaluation Loss,Evaluation Accuracy,Query Times,Training Times,Cluster Coverage,Log Loss,Diversity Metrics,Entropy Reduction,MAE,Model Confidence,Data Percentage,Data Count,EPOCHS,Top 1 Error,Top 5 Error
33.2,1.85,1.52,44.62,-1.0,1.52,-1,1.52,-1.0,1.63,0.14,0.4,22.22,10000,10,0.55,0.09
46.56,1.49,1.22,56.36,3.94,2.22,10,1.22,0.5699999928474426,1.23,0.11,0.55,33.33,15000,20,0.44,0.05
54.8,1.26,0.97,65.2,3.38,2.91,10,0.97,0.7400000095367432,1.01,0.09,0.64,44.44,20000,30,0.35,0.03
63.28,1.03,0.8,72.22,2.85,3.61,10,0.8,0.800000011920929,0.79,0.08,0.71,55.56,25000,40,0.28,0.02
71.09,0.81,0.71,75.24,2.32,4.31,10,0.71,0.8500000238418579,0.67,0.07,0.76,66.67,30000,50,0.25,0.01
78.6,0.61,0.69,76.04,1.77,4.99,10,0.7,0.8600000143051147,0.55,0.06,0.8,77.78,35000,60,0.24,0.01
85.52,0.42,0.68,77.96,1.2,5.71,10,0.69,0.8600000143051147,0.42,0.05,0.84,88.89,40000,70,0.22,0.01
90.52,0.27,0.7,78.64,0.67,6.4,10,0.71,0.8399999737739563,0.37,0.05,0.86,100.0,45000,80,0.21,0.01
