Train Accuracy,Train Loss,Evaluation Loss,Evaluation Accuracy,Query Times,Training Times,Cluster Coverage,Log Loss,Diversity Metrics,Entropy Reduction,MAE,Model Confidence,Data Percentage,Data Count,EPOCHS,Top 1 Error,Top 5 Error
32.35,1.86,1.51,44.7,-1.0,1.62,-1,1.51,-1.0,1.59,0.14,0.42,22.22,10000,10,0.55,0.08
46.74,1.47,1.19,56.7,4.3,2.32,10,1.19,0.5899999737739563,1.24,0.11,0.55,33.33,15000,20,0.43,0.05
55.91,1.24,0.91,68.02,3.79,3.05,10,0.91,0.7300000190734863,0.96,0.09,0.65,44.44,20000,30,0.32,0.02
63.97,1.01,0.79,72.6,2.93,3.85,10,0.79,0.8100000023841858,0.74,0.07,0.73,55.56,25000,40,0.27,0.02
71.64,0.8,0.7,76.68,2.36,4.56,10,0.7,0.8500000238418579,0.64,0.07,0.77,66.67,30000,50,0.23,0.01
79.18,0.59,0.67,77.36,1.88,5.3,10,0.67,0.8600000143051147,0.52,0.06,0.81,77.78,35000,60,0.23,0.01
86.01,0.4,0.69,78.92,1.37,6.07,10,0.69,0.8600000143051147,0.4,0.05,0.85,88.89,40000,70,0.21,0.01
90.9,0.26,0.73,78.24,0.71,6.76,10,0.73,0.8399999737739563,0.34,0.05,0.87,100.0,45000,80,0.22,0.01
