Train Accuracy,Train Loss,Evaluation Loss,Evaluation Accuracy,Query Times,Training Times,Cluster Coverage,Log Loss,Diversity Metrics,Entropy Reduction,MAE,Model Confidence,Data Percentage,Data Count,EPOCHS,Top 1 Error,Top 5 Error
33.76,1.83,1.48,46.34,-1.0,1.52,-1,1.49,-1.0,1.61,0.14,0.41,22.22,10000,10,0.54,0.09
46.98,1.48,1.18,57.94,4.03,2.23,10,1.18,0.5799999833106995,1.23,0.11,0.55,33.33,15000,20,0.42,0.05
56.19,1.23,0.92,67.28,3.41,2.92,10,0.92,0.7300000190734863,0.9,0.09,0.67,44.44,20000,30,0.33,0.03
64.4,1.0,0.77,73.04,2.88,3.61,10,0.77,0.8199999928474426,0.72,0.07,0.74,55.56,25000,40,0.27,0.02
71.8,0.79,0.67,76.46,2.32,4.33,10,0.67,0.8500000238418579,0.61,0.06,0.78,66.67,30000,50,0.24,0.01
78.99,0.6,0.65,77.28,1.76,5.02,10,0.66,0.8600000143051147,0.52,0.06,0.81,77.78,35000,60,0.23,0.02
85.91,0.41,0.65,78.9,1.29,5.74,10,0.66,0.8700000047683716,0.41,0.05,0.85,88.89,40000,70,0.21,0.01
90.71,0.27,0.72,79.06,0.65,6.42,10,0.73,0.8399999737739563,0.35,0.05,0.87,100.0,45000,80,0.21,0.01
