Train Accuracy,Train Loss,Evaluation Loss,Evaluation Accuracy,Query Times,Training Times,Cluster Coverage,Log Loss,Diversity Metrics,Entropy Reduction,MAE,Model Confidence,Data Percentage,Data Count,EPOCHS,Top 1 Error,Top 5 Error
31.61,1.88,1.57,43.02,-1.0,1.51,-1,1.58,-1.0,1.6,0.14,0.41,22.22,10000,10,0.57,0.09
47.59,1.46,1.21,56.78,3.95,2.23,10,1.21,0.5899999737739563,1.28,0.12,0.53,33.33,15000,20,0.43,0.04
56.0,1.24,0.97,66.1,3.45,2.88,10,0.97,0.7200000286102295,1.01,0.09,0.64,44.44,20000,30,0.34,0.03
63.99,1.01,0.82,71.74,2.86,3.62,10,0.82,0.800000011920929,0.79,0.08,0.72,55.56,25000,40,0.28,0.02
71.45,0.8,0.73,74.3,2.3,4.3,10,0.74,0.8500000238418579,0.6,0.07,0.78,66.67,30000,50,0.26,0.02
79.02,0.59,0.72,76.04,1.72,4.98,10,0.73,0.8700000047683716,0.49,0.06,0.82,77.78,35000,60,0.24,0.02
85.81,0.41,0.7,77.84,1.21,5.67,10,0.7,0.8700000047683716,0.42,0.05,0.85,88.89,40000,70,0.22,0.01
90.75,0.27,0.74,77.8,0.66,6.42,10,0.74,0.8500000238418579,0.37,0.05,0.86,100.0,45000,80,0.22,0.01
