Train Accuracy,Train Loss,Evaluation Loss,Evaluation Accuracy,Query Times,Training Times,Cluster Coverage,Log Loss,Diversity Metrics,Entropy Reduction,MAE,Model Confidence,Data Percentage,Data Count,EPOCHS,Top 1 Error,Top 5 Error
69.57,0.85,1.36,64.22,-1.0,4.69,-1,1.35,-1.0,0.44,0.08,0.84,22.22,10000,10,0.36,0.03
90.1,0.29,1.18,70.26,6.25,6.98,10,1.18,0.8500000238418579,0.32,0.06,0.89,33.33,15000,20,0.3,0.02
95.07,0.15,0.96,77.32,5.36,9.26,10,0.96,0.8600000143051147,0.23,0.05,0.92,44.44,20000,30,0.23,0.02
96.71,0.11,0.99,77.02,4.48,11.53,10,1.0,0.8799999952316284,0.2,0.05,0.93,55.56,25000,40,0.23,0.02
97.49,0.08,0.88,79.64,3.59,13.81,10,0.89,0.8799999952316284,0.18,0.04,0.93,66.67,30000,50,0.2,0.02
98.03,0.06,0.85,81.18,2.71,16.08,10,0.86,0.8799999952316284,0.16,0.04,0.94,77.78,35000,60,0.19,0.01
98.29,0.06,0.74,83.06,1.87,18.36,10,0.75,0.8799999952316284,0.15,0.04,0.95,88.89,40000,70,0.17,0.01
98.35,0.05,0.78,82.84,0.96,20.66,10,0.79,0.8899999856948853,0.15,0.04,0.95,100.0,45000,80,0.17,0.01
