Train Accuracy,Train Loss,Evaluation Loss,Evaluation Accuracy,Query Times,Training Times,Cluster Coverage,Log Loss,Diversity Metrics,Entropy Reduction,MAE,Model Confidence,Data Percentage,Data Count,EPOCHS,Top 1 Error,Top 5 Error
70.37,0.82,1.29,64.44,-1.0,4.62,-1,1.3,-1.0,0.49,0.08,0.83,22.22,10000,10,0.36,0.04
90.43,0.29,1.16,71.3,6.01,6.87,10,1.16,0.8500000238418579,0.31,0.06,0.89,33.33,15000,20,0.29,0.03
95.04,0.16,0.94,77.46,5.15,9.13,10,0.95,0.8700000047683716,0.24,0.05,0.91,44.44,20000,30,0.23,0.02
96.77,0.1,0.96,78.2,4.32,11.36,10,0.97,0.8799999952316284,0.2,0.05,0.93,55.56,25000,40,0.22,0.02
97.5,0.08,0.86,81.08,3.48,13.63,10,0.87,0.8799999952316284,0.17,0.04,0.94,66.67,30000,50,0.19,0.01
97.95,0.07,0.8,82.0,2.62,15.87,10,0.81,0.8799999952316284,0.16,0.04,0.94,77.78,35000,60,0.18,0.02
98.21,0.06,0.83,81.54,1.79,18.12,10,0.84,0.8899999856948853,0.16,0.04,0.94,88.89,40000,70,0.18,0.01
98.38,0.05,0.73,83.84,0.93,20.4,10,0.74,0.8799999952316284,0.14,0.03,0.95,100.0,45000,80,0.16,0.01
