Train Accuracy,Train Loss,Evaluation Loss,Evaluation Accuracy,Query Times,Training Times,Cluster Coverage,Log Loss,Diversity Metrics,Entropy Reduction,MAE,Model Confidence,Data Percentage,Data Count,EPOCHS,Top 1 Error,Top 5 Error
70.16,0.83,1.38,63.58,-1.0,4.63,-1,1.37,-1.0,0.47,0.08,0.83,22.22,10000,10,0.36,0.04
90.22,0.29,1.15,71.6,6.01,6.87,10,1.14,0.8399999737739563,0.3,0.06,0.89,33.33,15000,20,0.28,0.02
95.1,0.15,1.06,75.54,5.21,9.13,10,1.04,0.8700000047683716,0.24,0.05,0.91,44.44,20000,30,0.24,0.02
96.75,0.1,1.03,77.62,4.32,11.37,10,1.02,0.8799999952316284,0.2,0.05,0.93,55.56,25000,40,0.22,0.02
97.59,0.08,0.94,79.56,3.55,13.63,10,0.92,0.8799999952316284,0.18,0.04,0.93,66.67,30000,50,0.2,0.01
98.0,0.07,0.86,80.96,2.62,15.88,10,0.84,0.8799999952316284,0.17,0.04,0.94,77.78,35000,60,0.19,0.01
98.26,0.06,0.81,82.08,1.8,18.13,10,0.8,0.8799999952316284,0.16,0.04,0.94,88.89,40000,70,0.18,0.01
98.43,0.05,0.79,82.92,0.95,20.41,10,0.78,0.8899999856948853,0.14,0.04,0.95,100.0,45000,80,0.17,0.01
