Train Accuracy,Train Loss,Evaluation Loss,Evaluation Accuracy,Query Times,Training Times,Cluster Coverage,Log Loss,Diversity Metrics,Entropy Reduction,MAE,Model Confidence,Data Percentage,Data Count,EPOCHS,Top 1 Error,Top 5 Error
20.29,2.14,1.86,33.72,-1.0,1.52,-1,1.87,-1.0,1.93,0.16,0.29,22.22,10000,10,0.66,0.17
38.37,1.71,1.48,46.96,4.12,2.26,10,1.49,0.4000000059604645,1.5,0.14,0.45,33.33,15000,20,0.53,0.08
45.98,1.52,1.31,52.7,3.38,3.01,10,1.32,0.6399999856948853,1.31,0.12,0.53,44.44,20000,30,0.47,0.06
51.45,1.36,1.2,57.46,2.83,3.76,10,1.21,0.7300000190734863,1.11,0.11,0.6,55.56,25000,40,0.43,0.05
57.09,1.2,1.07,62.76,2.4,4.41,10,1.08,0.7900000214576721,1.02,0.1,0.63,66.67,30000,50,0.37,0.04
62.34,1.05,1.01,65.52,1.78,5.2,10,1.02,0.8100000023841858,0.93,0.09,0.66,77.78,35000,60,0.34,0.04
68.24,0.9,1.04,65.26,1.2,5.97,10,1.04,0.8299999833106995,0.85,0.09,0.69,88.89,40000,70,0.35,0.04
74.3,0.73,1.02,65.76,0.68,6.62,10,1.02,0.8399999737739563,0.74,0.08,0.73,100.0,45000,80,0.34,0.03
