Train Accuracy,Train Loss,Evaluation Loss,Evaluation Accuracy,Query Times,Training Times,Cluster Coverage,Log Loss,Diversity Metrics,Entropy Reduction,MAE,Model Confidence,Data Percentage,Data Count,EPOCHS,Top 1 Error,Top 5 Error
22.78,2.11,1.9,31.68,-1.0,1.56,-1,1.9,-1.0,1.87,0.16,0.31,22.22,10000,10,0.68,0.18
38.7,1.72,1.51,45.3,4.14,2.26,10,1.51,0.44999998807907104,1.5,0.14,0.45,33.33,15000,20,0.55,0.08
45.32,1.52,1.34,51.84,3.57,3.02,10,1.34,0.6499999761581421,1.29,0.12,0.53,44.44,20000,30,0.48,0.06
50.68,1.37,1.22,56.96,3.01,3.7,10,1.22,0.7400000095367432,1.17,0.11,0.58,55.56,25000,40,0.43,0.05
56.36,1.22,1.14,59.94,2.75,4.49,10,1.14,0.7900000214576721,1.03,0.1,0.63,66.67,30000,50,0.4,0.04
62.12,1.07,1.09,61.28,1.86,5.24,10,1.09,0.8199999928474426,0.9,0.09,0.68,77.78,35000,60,0.39,0.03
68.27,0.9,1.04,64.14,1.15,5.86,10,1.04,0.8399999737739563,0.84,0.09,0.7,88.89,40000,70,0.36,0.03
74.36,0.74,1.02,65.12,0.65,6.66,10,1.03,0.8500000238418579,0.79,0.09,0.71,100.0,45000,80,0.35,0.04
