Train Accuracy,Train Loss,Evaluation Loss,Evaluation Accuracy,Query Times,Training Times,Cluster Coverage,Log Loss,Diversity Metrics,Entropy Reduction,MAE,Model Confidence,Data Percentage,Data Count,EPOCHS,Top 1 Error,Top 5 Error
11.86,2.29,2.1,24.94,-1.0,31.26,-1,2.1,-1.0,2.13,0.17,0.19,22.22,10000,10,0.75,0.28
38.31,1.66,1.54,43.74,33.54,46.78,10,1.54,0.23000000417232513,1.45,0.14,0.46,33.33,15000,20,0.56,0.09
58.87,1.15,1.2,56.36,28.37,62.45,10,1.2,0.5799999833106995,1.17,0.11,0.57,44.44,20000,30,0.44,0.05
71.58,0.82,1.01,64.0,24.04,77.61,10,1.01,0.6299999952316284,0.87,0.09,0.68,55.56,25000,40,0.36,0.03
77.45,0.66,0.86,69.56,19.36,93.31,10,0.85,0.6499999761581421,0.72,0.08,0.74,66.67,30000,50,0.3,0.02
81.4,0.54,0.71,75.08,14.34,108.94,10,0.71,0.6399999856948853,0.66,0.07,0.77,77.78,35000,60,0.25,0.01
83.49,0.48,0.63,77.7,9.65,123.75,10,0.63,0.6399999856948853,0.51,0.06,0.82,88.89,40000,70,0.22,0.01
84.1,0.45,0.58,79.84,4.9,139.67,10,0.58,0.5899999737739563,0.41,0.05,0.85,100.0,45000,80,0.2,0.01
