Train Accuracy,Train Loss,Evaluation Loss,Evaluation Accuracy,Query Times,Training Times,Cluster Coverage,Log Loss,Diversity Metrics,Entropy Reduction,MAE,Model Confidence,Data Percentage,Data Count,EPOCHS,Top 1 Error,Top 5 Error
14.31,2.27,2.1,23.96,-1.0,31.15,-1,2.1,-1.0,2.14,0.17,0.19,22.22,10000,10,0.76,0.23
34.63,1.75,1.59,43.84,32.45,46.68,10,1.59,0.1899999976158142,1.45,0.14,0.46,33.33,15000,20,0.56,0.1
50.27,1.35,1.29,54.42,28.44,62.19,10,1.29,0.6299999952316284,1.11,0.11,0.59,44.44,20000,30,0.46,0.06
62.1,1.05,0.91,67.12,23.77,77.68,10,0.92,0.7200000286102295,0.81,0.08,0.71,55.56,25000,40,0.33,0.02
71.26,0.81,0.76,73.86,19.17,92.67,10,0.76,0.800000011920929,0.62,0.07,0.78,66.67,30000,50,0.26,0.02
77.68,0.64,0.6,79.1,13.9,108.56,10,0.61,0.8299999833106995,0.52,0.06,0.82,77.78,35000,60,0.21,0.01
82.14,0.51,0.58,79.9,9.64,124.09,10,0.58,0.8399999737739563,0.5,0.05,0.82,88.89,40000,70,0.2,0.01
85.84,0.41,0.53,82.58,4.63,139.75,10,0.53,0.8399999737739563,0.34,0.04,0.88,100.0,45000,80,0.17,0.01
