Train Accuracy,Train Loss,Evaluation Loss,Evaluation Accuracy,Query Times,Training Times,Cluster Coverage,Log Loss,Diversity Metrics,Entropy Reduction,MAE,Model Confidence,Data Percentage,Data Count,EPOCHS,Top 1 Error,Top 5 Error
68.26,0.9,1.51,57.22,-1.0,6.52,-1,1.5,-1.0,0.63,0.09,0.77,22.22,10000,10,0.43,0.05
89.12,0.33,1.27,66.96,8.02,9.73,10,1.26,0.8199999928474426,0.41,0.07,0.85,33.33,15000,20,0.33,0.03
94.17,0.19,1.07,73.62,6.92,12.98,10,1.07,0.8600000143051147,0.3,0.06,0.89,44.44,20000,30,0.26,0.02
95.88,0.14,0.94,76.62,5.86,16.18,10,0.94,0.8799999952316284,0.26,0.05,0.9,55.56,25000,40,0.23,0.02
97.19,0.1,0.9,78.42,4.66,19.33,10,0.89,0.8899999856948853,0.24,0.05,0.91,66.67,30000,50,0.22,0.02
98.86,0.04,0.8,80.62,3.62,22.7,10,0.8,0.8899999856948853,0.21,0.04,0.92,77.78,35000,60,0.19,0.01
99.82,0.01,0.79,81.0,2.37,25.76,10,0.8,0.8899999856948853,0.2,0.04,0.93,88.89,40000,70,0.19,0.01
99.9,0.01,0.86,80.14,1.24,29.1,10,0.86,0.8700000047683716,0.21,0.04,0.92,100.0,45000,80,0.2,0.01
