Train Accuracy,Train Loss,Evaluation Loss,Evaluation Accuracy,Query Times,Training Times,Cluster Coverage,Log Loss,Diversity Metrics,Entropy Reduction,MAE,Model Confidence,Data Percentage,Data Count,EPOCHS,Top 1 Error,Top 5 Error
69.2,0.88,1.6,55.92,-1.0,6.55,-1,1.6,-1.0,0.59,0.09,0.79,22.22,10000,10,0.44,0.05
89.68,0.32,1.12,70.84,8.04,9.76,10,1.12,0.800000011920929,0.36,0.06,0.87,33.33,15000,20,0.29,0.02
94.15,0.19,0.99,75.26,6.93,13.01,10,0.98,0.8700000047683716,0.3,0.05,0.89,44.44,20000,30,0.25,0.02
95.72,0.14,0.84,78.8,5.82,16.25,10,0.84,0.8799999952316284,0.24,0.05,0.91,55.56,25000,40,0.21,0.01
97.3,0.09,0.78,80.5,4.69,19.41,10,0.78,0.8899999856948853,0.22,0.04,0.92,66.67,30000,50,0.2,0.01
98.92,0.04,0.74,82.28,3.51,22.66,10,0.74,0.8899999856948853,0.19,0.04,0.93,77.78,35000,60,0.18,0.01
99.88,0.01,0.72,82.78,2.39,25.82,10,0.72,0.8799999952316284,0.19,0.04,0.93,88.89,40000,70,0.17,0.01
99.98,0.0,0.75,82.88,1.24,29.14,10,0.75,0.8700000047683716,0.19,0.04,0.93,100.0,45000,80,0.17,0.01
