Train Accuracy,Train Loss,Evaluation Loss,Evaluation Accuracy,Query Times,Training Times,Cluster Coverage,Log Loss,Diversity Metrics,Entropy Reduction,MAE,Model Confidence,Data Percentage,Data Count,EPOCHS,Top 1 Error,Top 5 Error
68.71,0.89,1.73,54.04,-1.0,6.54,-1,1.74,-1.0,0.6,0.1,0.78,22.22,10000,10,0.46,0.07
89.68,0.32,1.22,68.32,8.03,9.75,10,1.22,0.800000011920929,0.39,0.07,0.85,33.33,15000,20,0.32,0.03
94.12,0.19,1.03,73.5,6.94,12.94,10,1.04,0.8600000143051147,0.31,0.06,0.89,44.44,20000,30,0.26,0.02
95.82,0.14,0.93,76.9,5.76,16.15,10,0.94,0.8799999952316284,0.26,0.05,0.91,55.56,25000,40,0.23,0.02
97.33,0.09,0.83,79.6,4.66,19.35,10,0.84,0.8899999856948853,0.23,0.04,0.92,66.67,30000,50,0.2,0.02
98.89,0.04,0.79,81.28,3.51,22.57,10,0.8,0.8899999856948853,0.21,0.04,0.92,77.78,35000,60,0.19,0.02
99.88,0.01,0.77,81.6,2.38,25.76,10,0.78,0.8799999952316284,0.2,0.04,0.93,88.89,40000,70,0.18,0.02
99.97,0.0,0.82,81.12,1.24,29.01,10,0.82,0.8700000047683716,0.2,0.04,0.93,100.0,45000,80,0.19,0.02
