Train Accuracy,Train Loss,Evaluation Loss,Evaluation Accuracy,Query Times,Training Times,Cluster Coverage,Log Loss,Diversity Metrics,Entropy Reduction,MAE,Model Confidence,Data Percentage,Data Count,EPOCHS,Top 1 Error,Top 5 Error
13.35,2.27,2.07,24.04,-1.0,2.46,-1,2.07,-1.0,2.16,0.17,0.18,22.22,10000,10,0.76,0.23
32.99,1.78,1.47,46.78,19.87,3.63,10,1.47,0.17000000178813934,1.58,0.14,0.41,33.33,15000,20,0.53,0.07
44.29,1.5,1.19,56.8,16.92,4.81,10,1.19,0.6000000238418579,1.33,0.12,0.51,44.44,20000,30,0.43,0.04
54.93,1.23,0.9,68.3,14.16,5.97,10,0.9,0.7099999785423279,1.08,0.1,0.61,55.56,25000,40,0.32,0.02
64.7,0.97,0.72,74.64,11.33,7.16,10,0.72,0.7900000214576721,0.76,0.07,0.73,66.67,30000,50,0.25,0.02
73.3,0.75,0.58,80.04,8.59,8.31,10,0.58,0.8399999737739563,0.66,0.06,0.77,77.78,35000,60,0.2,0.01
81.22,0.54,0.51,82.0,5.73,9.43,10,0.51,0.8500000238418579,0.5,0.05,0.82,88.89,40000,70,0.18,0.01
87.09,0.37,0.45,84.58,2.91,10.65,10,0.45,0.8500000238418579,0.42,0.04,0.85,100.0,45000,80,0.15,0.01
