Train Accuracy,Train Loss,Evaluation Loss,Evaluation Accuracy,Query Times,Training Times,Cluster Coverage,Log Loss,Diversity Metrics,Entropy Reduction,MAE,Model Confidence,Data Percentage,Data Count,EPOCHS,Top 1 Error,Top 5 Error
11.51,2.3,2.25,17.58,-1.0,2.44,-1,2.25,-1.0,2.29,0.18,0.12,22.22,10000,10,0.82,0.37
31.69,1.8,1.56,42.58,19.76,3.61,10,1.55,0.009999999776482582,1.64,0.14,0.38,33.33,15000,20,0.57,0.09
44.09,1.5,1.38,49.94,16.93,4.77,10,1.38,0.5699999928474426,1.39,0.13,0.49,44.44,20000,30,0.5,0.07
54.76,1.23,0.98,64.68,14.14,5.93,10,0.98,0.6700000166893005,1.07,0.1,0.61,55.56,25000,40,0.35,0.03
64.27,0.99,0.78,72.0,11.33,7.11,10,0.78,0.7699999809265137,0.75,0.08,0.73,66.67,30000,50,0.28,0.02
72.77,0.76,0.59,78.36,8.52,8.27,10,0.59,0.8299999833106995,0.61,0.06,0.78,77.78,35000,60,0.22,0.01
80.88,0.55,0.54,80.74,5.73,9.44,10,0.54,0.8500000238418579,0.55,0.05,0.81,88.89,40000,70,0.19,0.01
87.21,0.37,0.49,83.24,2.91,10.6,10,0.49,0.8299999833106995,0.41,0.04,0.85,100.0,45000,80,0.17,0.01
