Train Accuracy,Train Loss,Evaluation Loss,Evaluation Accuracy,Query Times,Training Times,Cluster Coverage,Log Loss,Diversity Metrics,Entropy Reduction,MAE,Model Confidence,Data Percentage,Data Count,EPOCHS,Top 1 Error,Top 5 Error
14.92,2.24,2.03,25.1,-1.0,2.44,-1,2.02,-1.0,2.02,0.17,0.24,22.22,10000,10,0.75,0.23
33.2,1.78,1.49,44.76,19.74,3.6,10,1.48,0.3100000023841858,1.58,0.14,0.4,33.33,15000,20,0.55,0.08
45.44,1.47,1.18,56.8,16.95,4.78,10,1.18,0.6000000238418579,1.27,0.11,0.54,44.44,20000,30,0.43,0.04
56.1,1.21,0.92,67.72,14.15,5.94,10,0.92,0.7300000190734863,0.92,0.09,0.66,55.56,25000,40,0.32,0.03
65.74,0.95,0.72,75.22,11.33,7.09,10,0.72,0.8199999928474426,0.78,0.07,0.72,66.67,30000,50,0.25,0.02
74.22,0.72,0.61,79.34,8.54,8.26,10,0.61,0.8500000238418579,0.58,0.06,0.8,77.78,35000,60,0.21,0.01
82.41,0.5,0.55,81.24,5.73,9.41,10,0.55,0.8600000143051147,0.5,0.05,0.82,88.89,40000,70,0.19,0.01
88.45,0.33,0.55,81.84,2.92,10.57,10,0.54,0.8199999928474426,0.4,0.05,0.86,100.0,45000,80,0.18,0.01
