Train Accuracy,Train Loss,Evaluation Loss,Evaluation Accuracy,Query Times,Training Times,Cluster Coverage,Log Loss,Diversity Metrics,Entropy Reduction,MAE,Model Confidence,Data Percentage,Data Count,EPOCHS,Top 1 Error,Top 5 Error
11.41,2.29,2.12,23.34,-1.0,2.45,-1,2.12,-1.0,2.23,0.17,0.15,22.22,10000,10,0.77,0.24
39.34,1.64,1.53,42.84,19.81,3.62,10,1.53,0.09000000357627869,1.62,0.14,0.38,33.33,15000,20,0.57,0.09
58.1,1.19,1.21,55.74,17.0,4.79,10,1.21,0.5199999809265137,1.25,0.12,0.54,44.44,20000,30,0.44,0.05
69.52,0.88,1.0,64.0,14.2,5.96,10,1.0,0.6399999856948853,1.09,0.1,0.61,55.56,25000,40,0.36,0.04
76.16,0.7,0.88,68.08,11.41,7.13,10,0.88,0.6299999952316284,0.84,0.08,0.69,66.67,30000,50,0.32,0.03
80.3,0.58,0.71,75.32,8.59,8.32,10,0.71,0.6200000047683716,0.7,0.07,0.75,77.78,35000,60,0.25,0.02
83.01,0.49,0.62,77.9,5.76,9.52,10,0.62,0.6200000047683716,0.59,0.06,0.79,88.89,40000,70,0.22,0.01
83.85,0.46,0.56,80.5,2.94,10.68,10,0.56,0.5600000023841858,0.48,0.05,0.83,100.0,45000,80,0.2,0.01
