Train Accuracy,Train Loss,Evaluation Loss,Evaluation Accuracy,Query Times,Training Times,Cluster Coverage,Log Loss,Diversity Metrics,Entropy Reduction,MAE,Model Confidence,Data Percentage,Data Count,EPOCHS,Top 1 Error,Top 5 Error
14.98,2.24,2.05,26.56,-1.0,2.44,-1,2.05,-1.0,2.14,0.17,0.19,22.22,10000,10,0.73,0.21
38.97,1.66,1.52,44.3,19.85,3.61,10,1.52,0.20000000298023224,1.61,0.14,0.4,33.33,15000,20,0.56,0.08
57.11,1.21,1.19,56.76,17.01,4.78,10,1.19,0.5400000214576721,1.33,0.12,0.52,44.44,20000,30,0.43,0.05
69.12,0.89,0.96,65.74,14.2,5.94,10,0.96,0.6200000047683716,0.99,0.09,0.64,55.56,25000,40,0.34,0.03
76.67,0.69,0.83,70.52,11.38,7.1,10,0.83,0.6499999761581421,0.81,0.08,0.71,66.67,30000,50,0.29,0.02
80.7,0.57,0.68,75.76,8.56,8.3,10,0.68,0.6299999952316284,0.67,0.07,0.76,77.78,35000,60,0.24,0.01
83.09,0.49,0.59,79.0,5.76,9.46,10,0.59,0.6299999952316284,0.53,0.06,0.81,88.89,40000,70,0.21,0.01
84.02,0.45,0.54,80.62,2.94,10.64,10,0.54,0.5699999928474426,0.48,0.05,0.83,100.0,45000,80,0.19,0.01
