Train Accuracy,Train Loss,Evaluation Loss,Evaluation Accuracy,Query Times,Training Times,Cluster Coverage,Log Loss,Diversity Metrics,Entropy Reduction,MAE,Model Confidence,Data Percentage,Data Count,EPOCHS,Top 1 Error,Top 5 Error
11.93,2.29,2.19,22.26,-1.0,31.16,-1,2.19,-1.0,2.25,0.18,0.14,22.22,10000,10,0.78,0.29
32.68,1.79,1.51,44.42,33.17,46.68,10,1.52,0.07000000029802322,1.39,0.13,0.47,33.33,15000,20,0.56,0.08
44.98,1.49,1.21,55.26,29.15,62.23,10,1.22,0.6700000166893005,1.11,0.11,0.59,44.44,20000,30,0.45,0.05
55.4,1.23,0.93,66.94,23.99,77.31,10,0.93,0.7599999904632568,0.84,0.09,0.69,55.56,25000,40,0.33,0.03
65.41,0.96,0.76,73.74,18.56,92.96,10,0.76,0.8199999928474426,0.62,0.07,0.78,66.67,30000,50,0.26,0.02
74.1,0.73,0.61,78.6,14.54,108.79,10,0.61,0.8500000238418579,0.52,0.06,0.81,77.78,35000,60,0.21,0.01
82.09,0.51,0.59,79.82,9.35,123.83,10,0.59,0.8600000143051147,0.41,0.05,0.85,88.89,40000,70,0.2,0.01
88.27,0.34,0.53,82.7,4.76,139.72,10,0.53,0.8399999737739563,0.33,0.04,0.88,100.0,45000,80,0.17,0.01
