Train Accuracy,Train Loss,Evaluation Loss,Evaluation Accuracy,Query Times,Training Times,Cluster Coverage,Log Loss,Diversity Metrics,Entropy Reduction,MAE,Model Confidence,Data Percentage,Data Count,EPOCHS,Top 1 Error,Top 5 Error
12.34,2.27,2.11,24.24,-1.0,31.11,-1,2.11,-1.0,2.15,0.17,0.17,22.22,10000,10,0.76,0.23
39.58,1.63,1.52,44.12,33.08,46.5,10,1.52,0.15000000596046448,1.48,0.14,0.44,33.33,15000,20,0.56,0.09
59.38,1.13,1.29,53.98,29.28,61.76,10,1.28,0.5600000023841858,1.12,0.11,0.58,44.44,20000,30,0.46,0.06
70.83,0.83,1.0,64.56,23.67,77.27,10,1.0,0.6000000238418579,0.94,0.09,0.65,55.56,25000,40,0.35,0.04
77.58,0.65,0.86,70.06,18.96,92.39,10,0.87,0.6499999761581421,0.79,0.08,0.72,66.67,30000,50,0.3,0.03
81.55,0.53,0.72,75.74,13.82,108.21,10,0.72,0.6200000047683716,0.64,0.07,0.77,77.78,35000,60,0.24,0.02
83.65,0.47,0.67,77.82,9.52,123.3,10,0.67,0.6000000238418579,0.49,0.06,0.83,88.89,40000,70,0.22,0.02
83.97,0.46,0.57,81.14,4.76,138.77,10,0.58,0.6200000047683716,0.43,0.05,0.85,100.0,45000,80,0.19,0.01
