Train Accuracy,Train Loss,Evaluation Loss,Evaluation Accuracy,Query Times,Training Times,Cluster Coverage,Log Loss,Diversity Metrics,Entropy Reduction,MAE,Model Confidence,Data Percentage,Data Count,EPOCHS,Top 1 Error,Top 5 Error
14.31,2.27,2.11,24.7,-1.0,30.97,-1,2.11,-1.0,2.18,0.17,0.17,22.22,10000,10,0.75,0.24
34.51,1.75,1.52,43.88,257.86,46.2,10,1.52,0.15000000596046448,1.62,0.14,0.39,33.33,15000,20,0.56,0.08
50.2,1.35,1.22,56.34,220.47,61.91,10,1.22,0.5699999928474426,1.29,0.12,0.53,44.44,20000,30,0.44,0.05
62.14,1.05,0.96,66.62,185.94,77.34,10,0.96,0.6899999976158142,1.01,0.09,0.64,55.56,25000,40,0.33,0.03
71.26,0.81,0.74,74.0,150.66,93.09,10,0.75,0.7599999904632568,0.76,0.07,0.73,66.67,30000,50,0.26,0.02
77.65,0.64,0.62,77.96,110.19,108.24,10,0.63,0.800000011920929,0.63,0.06,0.77,77.78,35000,60,0.22,0.01
82.2,0.51,0.54,81.18,73.81,123.42,10,0.54,0.8299999833106995,0.55,0.05,0.81,88.89,40000,70,0.19,0.01
85.81,0.41,0.48,82.86,36.65,139.02,10,0.49,0.8399999737739563,0.45,0.05,0.84,100.0,45000,80,0.17,0.01
