Train Accuracy,Train Loss,Evaluation Loss,Evaluation Accuracy,Query Times,Training Times,Cluster Coverage,Log Loss,Diversity Metrics,Entropy Reduction,MAE,Model Confidence,Data Percentage,Data Count,EPOCHS,Top 1 Error,Top 5 Error
13.99,2.25,2.08,24.56,-1.0,31.0,-1,2.07,-1.0,2.16,0.17,0.18,22.22,10000,10,0.75,0.22
32.32,1.8,1.52,43.9,258.5,46.44,10,1.51,0.17000000178813934,1.56,0.14,0.42,33.33,15000,20,0.56,0.07
45.21,1.48,1.19,56.7,220.33,61.67,10,1.18,0.6100000143051147,1.23,0.11,0.54,44.44,20000,30,0.43,0.04
55.35,1.22,0.92,67.32,183.79,77.17,10,0.91,0.7400000095367432,0.97,0.09,0.65,55.56,25000,40,0.33,0.03
65.09,0.96,0.78,72.54,147.7,92.85,10,0.78,0.8100000023841858,0.76,0.08,0.72,66.67,30000,50,0.27,0.02
73.86,0.73,0.63,78.64,110.73,107.71,10,0.63,0.8500000238418579,0.58,0.06,0.79,77.78,35000,60,0.21,0.01
82.08,0.51,0.56,80.9,73.03,123.29,10,0.56,0.8600000143051147,0.47,0.05,0.83,88.89,40000,70,0.19,0.01
88.25,0.34,0.52,82.66,36.56,139.06,10,0.52,0.8399999737739563,0.4,0.04,0.86,100.0,45000,80,0.17,0.01
