Train Accuracy,Train Loss,Evaluation Loss,Evaluation Accuracy,Query Times,Training Times,Cluster Coverage,Log Loss,Diversity Metrics,Entropy Reduction,MAE,Model Confidence,Data Percentage,Data Count,EPOCHS,Top 1 Error,Top 5 Error
11.19,2.3,2.27,14.42,-1.0,31.08,-1,2.27,-1.0,2.3,0.18,0.12,22.22,10000,10,0.86,0.42
31.19,1.83,1.58,40.96,260.1,46.75,10,1.58,0.0,1.64,0.15,0.39,33.33,15000,20,0.59,0.09
44.16,1.51,1.26,53.42,221.18,61.91,10,1.26,0.5600000023841858,1.36,0.12,0.5,44.44,20000,30,0.47,0.05
53.63,1.26,0.97,65.52,184.76,77.28,10,0.97,0.699999988079071,1.06,0.1,0.61,55.56,25000,40,0.34,0.02
64.06,0.99,0.74,74.28,146.76,92.5,10,0.74,0.7799999713897705,0.82,0.08,0.71,66.67,30000,50,0.26,0.02
72.84,0.76,0.61,78.24,110.37,107.79,10,0.62,0.8299999833106995,0.66,0.06,0.77,77.78,35000,60,0.22,0.01
81.26,0.53,0.51,81.92,72.83,123.39,10,0.51,0.8500000238418579,0.49,0.05,0.83,88.89,40000,70,0.18,0.01
87.54,0.36,0.47,83.76,36.43,139.0,10,0.48,0.8399999737739563,0.4,0.04,0.86,100.0,45000,80,0.16,0.0
