Train Accuracy,Train Loss,Evaluation Loss,Evaluation Accuracy,Query Times,Training Times,Cluster Coverage,Log Loss,Diversity Metrics,Entropy Reduction,MAE,Model Confidence,Data Percentage,Data Count,EPOCHS,Top 1 Error,Top 5 Error
69.76,0.85,1.42,61.66,-1.0,4.68,-1,1.4,-1.0,0.51,0.08,0.82,22.22,10000,10,0.38,0.04
86.7,0.39,1.14,72.06,6.11,6.96,10,1.13,0.8399999737739563,0.32,0.06,0.88,33.33,15000,20,0.28,0.02
92.48,0.23,0.97,76.04,5.31,9.24,10,0.96,0.8700000047683716,0.25,0.05,0.91,44.44,20000,30,0.24,0.01
94.82,0.16,0.99,77.84,4.45,11.52,10,0.98,0.8799999952316284,0.21,0.05,0.92,55.56,25000,40,0.22,0.01
96.93,0.1,0.77,82.66,3.59,13.78,10,0.77,0.8899999856948853,0.16,0.04,0.94,66.67,30000,50,0.17,0.01
98.24,0.06,0.76,82.82,2.68,16.06,10,0.76,0.8899999856948853,0.15,0.04,0.94,77.78,35000,60,0.17,0.01
99.0,0.03,0.84,83.02,1.8,18.34,10,0.83,0.8799999952316284,0.13,0.04,0.95,88.89,40000,70,0.17,0.01
99.25,0.02,0.88,82.2,0.94,20.61,10,0.88,0.8700000047683716,0.13,0.04,0.95,100.0,45000,80,0.18,0.01
