Train Accuracy,Train Loss,Evaluation Loss,Evaluation Accuracy,Query Times,Training Times,Cluster Coverage,Log Loss,Diversity Metrics,Entropy Reduction,MAE,Model Confidence,Data Percentage,Data Count,EPOCHS,Top 1 Error,Top 5 Error
69.07,0.87,1.29,63.94,-1.0,4.62,-1,1.3,-1.0,0.51,0.08,0.82,22.22,10000,10,0.36,0.05
86.33,0.4,0.95,74.9,6.0,6.88,10,0.95,0.8399999737739563,0.32,0.05,0.89,33.33,15000,20,0.25,0.02
91.96,0.24,0.91,77.54,5.2,9.11,10,0.92,0.8700000047683716,0.24,0.05,0.91,44.44,20000,30,0.22,0.02
94.91,0.16,0.86,79.72,4.31,11.38,10,0.85,0.8799999952316284,0.2,0.04,0.93,55.56,25000,40,0.2,0.01
96.91,0.1,0.85,81.28,3.5,13.62,10,0.86,0.8899999856948853,0.17,0.04,0.94,66.67,30000,50,0.19,0.01
98.41,0.05,0.83,83.2,2.65,15.86,10,0.83,0.8899999856948853,0.14,0.04,0.95,77.78,35000,60,0.17,0.01
99.06,0.03,0.86,83.2,1.79,18.14,10,0.86,0.8700000047683716,0.13,0.04,0.95,88.89,40000,70,0.17,0.01
99.13,0.03,0.78,82.92,0.95,20.41,10,0.79,0.8700000047683716,0.15,0.04,0.95,100.0,45000,80,0.17,0.01
