Train Accuracy,Train Loss,Evaluation Loss,Evaluation Accuracy,Query Times,Training Times,Cluster Coverage,Log Loss,Diversity Metrics,Entropy Reduction,MAE,Model Confidence,Data Percentage,Data Count,EPOCHS,Top 1 Error,Top 5 Error
69.56,0.85,1.3,64.0,-1.0,4.69,-1,1.3,-1.0,0.48,0.08,0.83,22.22,10000,10,0.36,0.03
86.6,0.39,0.97,74.14,6.22,6.97,10,0.97,0.8500000238418579,0.32,0.06,0.88,33.33,15000,20,0.26,0.02
92.39,0.23,0.89,77.64,5.35,9.25,10,0.88,0.8700000047683716,0.24,0.05,0.91,44.44,20000,30,0.22,0.01
94.77,0.16,0.82,80.5,4.51,11.52,10,0.8,0.8799999952316284,0.19,0.04,0.93,55.56,25000,40,0.2,0.01
96.86,0.1,0.76,82.36,3.6,13.81,10,0.75,0.8899999856948853,0.17,0.04,0.94,66.67,30000,50,0.18,0.01
98.42,0.05,0.78,82.78,2.72,15.9,10,0.77,0.8899999856948853,0.15,0.04,0.94,77.78,35000,60,0.17,0.01
99.12,0.03,0.75,83.9,1.81,18.36,10,0.74,0.8799999952316284,0.13,0.03,0.95,88.89,40000,70,0.16,0.01
99.28,0.02,0.78,83.62,0.95,20.65,10,0.77,0.8500000238418579,0.13,0.03,0.95,100.0,45000,80,0.16,0.01
