Train Accuracy,Train Loss,Evaluation Loss,Evaluation Accuracy,Query Times,Training Times,Cluster Coverage,Log Loss,Diversity Metrics,Entropy Reduction,MAE,Model Confidence,Data Percentage,Data Count,EPOCHS,Top 1 Error,Top 5 Error
70.16,0.84,1.19,66.08,-1.0,4.62,-1,1.19,-1.0,0.47,0.07,0.83,22.22,10000,10,0.34,0.03
86.61,0.39,1.15,70.92,6.07,6.87,10,1.16,0.8500000238418579,0.33,0.06,0.88,33.33,15000,20,0.29,0.02
93.04,0.21,0.89,78.46,5.18,9.12,10,0.88,0.8600000143051147,0.22,0.05,0.92,44.44,20000,30,0.22,0.01
94.72,0.16,0.82,80.92,4.31,11.37,10,0.81,0.8799999952316284,0.2,0.04,0.93,55.56,25000,40,0.19,0.01
96.63,0.11,0.7,83.88,3.47,13.61,10,0.7,0.8899999856948853,0.15,0.03,0.94,66.67,30000,50,0.16,0.01
98.3,0.05,0.78,83.16,2.63,15.86,10,0.76,0.8799999952316284,0.15,0.04,0.94,77.78,35000,60,0.17,0.01
99.1,0.03,0.75,83.66,1.8,18.17,10,0.75,0.8700000047683716,0.13,0.03,0.95,88.89,40000,70,0.16,0.01
99.27,0.02,0.74,85.22,0.95,20.43,10,0.72,0.8500000238418579,0.12,0.03,0.96,100.0,45000,80,0.15,0.01
