Train Accuracy,Train Loss,Evaluation Loss,Evaluation Accuracy,Query Times,Training Times,Cluster Coverage,Log Loss,Diversity Metrics,Entropy Reduction,MAE,Model Confidence,Data Percentage,Data Count,EPOCHS,Top 1 Error,Top 5 Error
69.38,0.87,1.61,56.06,-1.0,6.88,-1,1.6,-1.0,0.58,0.09,0.79,22.22,10000,10,0.44,0.05
89.43,0.33,1.2,69.0,8.81,9.86,10,1.2,0.8199999928474426,0.4,0.07,0.85,33.33,15000,20,0.31,0.03
94.12,0.19,1.06,72.74,7.07,13.11,10,1.06,0.8700000047683716,0.31,0.06,0.88,44.44,20000,30,0.27,0.02
95.91,0.14,1.0,76.22,5.93,16.37,10,1.0,0.8799999952316284,0.26,0.05,0.9,55.56,25000,40,0.24,0.02
97.3,0.09,0.85,78.5,4.73,19.62,10,0.85,0.8899999856948853,0.24,0.05,0.91,66.67,30000,50,0.22,0.01
98.86,0.04,0.84,80.36,3.58,22.87,10,0.83,0.8899999856948853,0.22,0.04,0.92,77.78,35000,60,0.2,0.01
99.87,0.01,0.81,80.32,2.45,26.12,10,0.8,0.8799999952316284,0.21,0.04,0.92,88.89,40000,70,0.2,0.01
99.99,0.0,0.82,80.24,1.31,29.36,10,0.82,0.8700000047683716,0.21,0.04,0.92,100.0,45000,80,0.2,0.02
