Train Accuracy,Train Loss,Evaluation Loss,Evaluation Accuracy,Query Times,Training Times,Cluster Coverage,Log Loss,Diversity Metrics,Entropy Reduction,MAE,Model Confidence,Data Percentage,Data Count,EPOCHS,Top 1 Error,Top 5 Error
68.63,0.89,1.58,54.46,-1.0,6.53,-1,1.58,-1.0,0.65,0.1,0.76,22.22,10000,10,0.46,0.06
88.85,0.34,1.34,65.92,8.02,9.73,10,1.34,0.8199999928474426,0.4,0.07,0.85,33.33,15000,20,0.34,0.03
94.21,0.19,1.08,72.42,6.89,12.93,10,1.08,0.8600000143051147,0.32,0.06,0.88,44.44,20000,30,0.28,0.02
95.64,0.14,0.97,75.82,5.76,16.15,10,0.97,0.8799999952316284,0.26,0.05,0.9,55.56,25000,40,0.24,0.02
97.07,0.1,0.85,79.7,4.61,19.35,10,0.86,0.8899999856948853,0.23,0.04,0.92,66.67,30000,50,0.2,0.02
98.7,0.05,0.83,80.5,3.52,22.55,10,0.83,0.8899999856948853,0.21,0.04,0.92,77.78,35000,60,0.2,0.01
99.79,0.01,0.82,81.18,2.38,25.78,10,0.82,0.8799999952316284,0.19,0.04,0.93,88.89,40000,70,0.19,0.01
99.99,0.0,0.81,81.08,1.24,28.99,10,0.81,0.8700000047683716,0.2,0.04,0.93,100.0,45000,80,0.19,0.02
