Train Accuracy,Train Loss,Evaluation Loss,Evaluation Accuracy,Query Times,Training Times,Cluster Coverage,Log Loss,Diversity Metrics,Entropy Reduction,MAE,Model Confidence,Data Percentage,Data Count,EPOCHS,Top 1 Error,Top 5 Error
70.09,0.84,1.33,64.08,-1.0,4.69,-1,1.33,-1.0,0.49,0.08,0.82,22.22,10000,10,0.36,0.04
94.81,0.16,1.18,71.3,6.17,6.97,10,1.17,0.8399999737739563,0.31,0.06,0.89,33.33,15000,20,0.29,0.03
98.33,0.06,1.24,72.9,5.34,9.24,10,1.24,0.8600000143051147,0.24,0.06,0.91,44.44,20000,30,0.27,0.03
98.27,0.06,1.2,73.62,4.46,11.51,10,1.21,0.8600000143051147,0.23,0.05,0.92,55.56,25000,40,0.26,0.03
98.04,0.07,1.08,75.98,3.65,13.79,10,1.09,0.8600000143051147,0.22,0.05,0.92,66.67,30000,50,0.24,0.02
97.8,0.07,0.97,78.44,2.72,16.09,10,0.98,0.8500000238418579,0.2,0.05,0.93,77.78,35000,60,0.22,0.02
97.35,0.08,0.88,80.18,1.86,18.38,10,0.88,0.8100000023841858,0.19,0.04,0.93,88.89,40000,70,0.2,0.02
96.87,0.1,0.73,82.64,0.97,20.66,10,0.74,0.8299999833106995,0.18,0.04,0.94,100.0,45000,80,0.17,0.02
