Train Accuracy,Train Loss,Evaluation Loss,Evaluation Accuracy,Query Times,Training Times,Cluster Coverage,Log Loss,Diversity Metrics,Entropy Reduction,MAE,Model Confidence,Data Percentage,Data Count,EPOCHS,Top 1 Error,Top 5 Error
69.97,0.85,1.25,64.62,-1.0,4.62,-1,1.26,-1.0,0.48,0.08,0.83,22.22,10000,10,0.35,0.04
94.62,0.16,1.33,68.12,6.06,6.86,10,1.33,0.8500000238418579,0.33,0.07,0.88,33.33,15000,20,0.32,0.04
98.12,0.06,1.34,71.78,5.14,9.12,10,1.35,0.8600000143051147,0.25,0.06,0.91,44.44,20000,30,0.28,0.03
98.18,0.06,1.23,73.16,4.35,11.36,10,1.23,0.8500000238418579,0.23,0.06,0.91,55.56,25000,40,0.27,0.03
97.94,0.07,1.13,75.72,3.49,13.62,10,1.13,0.8500000238418579,0.21,0.05,0.92,66.67,30000,50,0.24,0.02
97.55,0.08,1.05,77.78,2.65,15.86,10,1.05,0.8399999737739563,0.19,0.05,0.93,77.78,35000,60,0.22,0.02
97.21,0.09,0.8,81.72,1.8,18.12,10,0.8,0.8199999928474426,0.18,0.04,0.94,88.89,40000,70,0.18,0.01
96.9,0.1,0.78,83.24,0.96,20.39,10,0.77,0.8299999833106995,0.14,0.04,0.95,100.0,45000,80,0.17,0.01
