Train Accuracy,Train Loss,Evaluation Loss,Evaluation Accuracy,Query Times,Training Times,Cluster Coverage,Log Loss,Diversity Metrics,Entropy Reduction,MAE,Model Confidence,Data Percentage,Data Count,EPOCHS,Top 1 Error,Top 5 Error
69.42,0.86,1.39,62.18,-1.0,4.68,-1,1.38,-1.0,0.53,0.08,0.81,22.22,10000,10,0.38,0.05
94.36,0.17,1.13,71.94,6.17,6.96,10,1.14,0.8299999833106995,0.32,0.06,0.88,33.33,15000,20,0.28,0.03
98.28,0.06,1.24,72.74,5.34,9.24,10,1.24,0.8600000143051147,0.25,0.06,0.91,44.44,20000,30,0.27,0.03
98.35,0.06,1.16,74.58,4.39,11.51,10,1.16,0.8600000143051147,0.23,0.05,0.92,55.56,25000,40,0.25,0.03
98.02,0.07,1.02,77.46,3.61,13.79,10,1.02,0.8500000238418579,0.21,0.05,0.92,66.67,30000,50,0.23,0.02
97.68,0.08,0.9,79.54,2.74,16.07,10,0.9,0.8399999737739563,0.19,0.04,0.93,77.78,35000,60,0.2,0.02
97.36,0.08,0.85,80.68,1.82,18.35,10,0.85,0.8399999737739563,0.18,0.04,0.93,88.89,40000,70,0.19,0.02
96.74,0.1,0.7,82.52,0.96,20.65,10,0.71,0.8299999833106995,0.18,0.04,0.94,100.0,45000,80,0.17,0.01
