Train Accuracy,Train Loss,Evaluation Loss,Evaluation Accuracy,Query Times,Training Times,Cluster Coverage,Log Loss,Diversity Metrics,Entropy Reduction,MAE,Model Confidence,Data Percentage,Data Count,EPOCHS,Top 1 Error,Top 5 Error
68.81,0.87,1.28,64.2,-1.0,4.62,-1,1.28,-1.0,0.5,0.08,0.82,22.22,10000,10,0.36,0.03
94.4,0.17,1.21,70.28,6.09,6.88,10,1.21,0.8399999737739563,0.33,0.06,0.88,33.33,15000,20,0.3,0.03
98.15,0.06,1.27,71.9,5.21,9.14,10,1.27,0.8600000143051147,0.26,0.06,0.91,44.44,20000,30,0.28,0.03
98.32,0.06,1.13,74.58,4.37,11.38,10,1.13,0.8600000143051147,0.22,0.05,0.92,55.56,25000,40,0.25,0.02
98.1,0.06,1.01,76.72,3.49,13.66,10,1.01,0.8399999737739563,0.21,0.05,0.93,66.67,30000,50,0.23,0.02
97.7,0.08,0.95,78.7,2.66,15.91,10,0.95,0.8399999737739563,0.2,0.05,0.93,77.78,35000,60,0.21,0.02
97.39,0.08,0.87,79.8,1.83,18.17,10,0.87,0.8399999737739563,0.19,0.04,0.93,88.89,40000,70,0.2,0.02
96.87,0.1,0.74,82.48,0.95,20.43,10,0.74,0.8199999928474426,0.17,0.04,0.94,100.0,45000,80,0.18,0.01
