Train Accuracy,Train Loss,Evaluation Loss,Evaluation Accuracy,Query Times,Training Times,Cluster Coverage,Log Loss,Diversity Metrics,Entropy Reduction,MAE,Model Confidence,Data Percentage,Data Count,EPOCHS,Top 1 Error,Top 5 Error
31.43,1.87,1.56,44.72,-1.0,1.5,-1,1.56,-1.0,1.64,0.14,0.39,22.22,10000,10,0.55,0.09
48.06,1.41,1.23,56.64,3.9,2.21,10,1.23,0.550000011920929,1.26,0.12,0.55,33.33,15000,20,0.43,0.05
57.37,1.17,0.95,67.36,3.39,2.89,10,0.95,0.7200000286102295,0.96,0.09,0.65,44.44,20000,30,0.33,0.03
64.48,0.98,0.81,72.68,2.79,3.6,10,0.8,0.800000011920929,0.8,0.08,0.71,55.56,25000,40,0.27,0.02
70.95,0.81,0.71,75.76,2.32,4.31,10,0.7,0.8399999737739563,0.66,0.07,0.77,66.67,30000,50,0.24,0.02
78.02,0.62,0.65,78.2,1.75,5.0,10,0.65,0.8700000047683716,0.54,0.06,0.81,77.78,35000,60,0.22,0.02
84.94,0.44,0.64,79.04,1.2,5.7,10,0.63,0.8700000047683716,0.46,0.05,0.83,88.89,40000,70,0.21,0.01
89.88,0.29,0.72,78.5,0.67,6.42,10,0.71,0.8500000238418579,0.37,0.05,0.86,100.0,45000,80,0.22,0.01
