Train Accuracy,Train Loss,Evaluation Loss,Evaluation Accuracy,Query Times,Training Times,Cluster Coverage,Log Loss,Diversity Metrics,Entropy Reduction,MAE,Model Confidence,Data Percentage,Data Count,EPOCHS,Top 1 Error,Top 5 Error
32.03,1.87,1.54,44.5,-1.0,1.53,-1,1.54,-1.0,1.61,0.14,0.41,22.22,10000,10,0.56,0.09
46.66,1.44,1.25,55.96,4.0,2.22,10,1.24,0.5899999737739563,1.28,0.12,0.54,33.33,15000,20,0.44,0.05
56.42,1.19,1.0,65.5,3.4,2.92,10,1.0,0.7099999785423279,1.05,0.1,0.63,44.44,20000,30,0.34,0.03
63.83,1.0,0.81,72.06,2.84,3.61,10,0.82,0.7799999713897705,0.85,0.08,0.7,55.56,25000,40,0.28,0.02
70.83,0.82,0.7,75.82,2.32,4.31,10,0.71,0.8299999833106995,0.64,0.07,0.77,66.67,30000,50,0.24,0.02
78.1,0.62,0.65,78.44,1.8,5.03,10,0.65,0.8600000143051147,0.54,0.06,0.8,77.78,35000,60,0.22,0.02
84.91,0.43,0.67,78.28,1.24,5.73,10,0.68,0.8700000047683716,0.41,0.05,0.85,88.89,40000,70,0.22,0.01
90.2,0.28,0.69,79.0,0.64,6.43,10,0.69,0.8500000238418579,0.37,0.05,0.86,100.0,45000,80,0.21,0.01
