Train Accuracy,Train Loss,Evaluation Loss,Evaluation Accuracy,Query Times,Training Times,Cluster Coverage,Log Loss,Diversity Metrics,Entropy Reduction,MAE,Model Confidence,Data Percentage,Data Count,EPOCHS,Top 1 Error,Top 5 Error
33.46,1.85,1.51,45.12,-1.0,1.61,-1,1.5,-1.0,1.57,0.14,0.43,22.22,10000,10,0.55,0.08
48.48,1.42,1.19,58.06,4.09,2.35,10,1.2,0.6000000238418579,1.26,0.11,0.54,33.33,15000,20,0.42,0.05
57.31,1.18,0.98,66.44,3.65,3.1,10,0.98,0.7200000286102295,0.97,0.09,0.65,44.44,20000,30,0.34,0.04
64.37,0.98,0.82,71.68,2.96,3.81,10,0.82,0.800000011920929,0.79,0.08,0.72,55.56,25000,40,0.28,0.02
70.98,0.81,0.71,76.24,2.47,4.56,10,0.71,0.8399999737739563,0.63,0.07,0.77,66.67,30000,50,0.24,0.02
78.22,0.62,0.69,77.32,2.02,5.3,10,0.69,0.8700000047683716,0.51,0.06,0.81,77.78,35000,60,0.23,0.01
85.27,0.43,0.65,79.0,1.38,6.04,10,0.65,0.8600000143051147,0.44,0.05,0.84,88.89,40000,70,0.21,0.01
90.3,0.28,0.7,79.74,0.65,6.8,10,0.71,0.8600000143051147,0.34,0.05,0.87,100.0,45000,80,0.2,0.01
