Train Accuracy,Train Loss,Evaluation Loss,Evaluation Accuracy,Query Times,Training Times,Cluster Coverage,Log Loss,Diversity Metrics,Entropy Reduction,MAE,Model Confidence,Data Percentage,Data Count,EPOCHS,Top 1 Error,Top 5 Error
33.62,1.83,1.47,46.86,-1.0,1.53,-1,1.47,-1.0,1.61,0.14,0.41,22.22,10000,10,0.53,0.08
49.02,1.39,1.17,58.38,3.94,2.23,10,1.17,0.5899999737739563,1.25,0.11,0.54,33.33,15000,20,0.42,0.04
57.19,1.18,0.94,66.52,3.44,2.95,10,0.94,0.7200000286102295,0.96,0.09,0.65,44.44,20000,30,0.33,0.02
64.52,0.98,0.78,72.36,2.89,3.62,10,0.78,0.800000011920929,0.79,0.08,0.72,55.56,25000,40,0.28,0.02
71.36,0.8,0.69,76.5,2.29,4.34,10,0.69,0.8399999737739563,0.65,0.06,0.77,66.67,30000,50,0.24,0.02
78.66,0.61,0.66,77.5,1.75,5.07,10,0.66,0.8600000143051147,0.53,0.06,0.81,77.78,35000,60,0.22,0.01
85.51,0.42,0.65,78.76,1.3,5.71,10,0.65,0.8700000047683716,0.43,0.05,0.84,88.89,40000,70,0.21,0.01
90.47,0.27,0.67,79.36,0.63,6.41,10,0.66,0.8500000238418579,0.38,0.05,0.86,100.0,45000,80,0.21,0.01
