Train Accuracy,Train Loss,Evaluation Loss,Evaluation Accuracy,Query Times,Training Times,Cluster Coverage,Log Loss,Diversity Metrics,Entropy Reduction,MAE,Model Confidence,Data Percentage,Data Count,EPOCHS,Top 1 Error,Top 5 Error
10.04,2.32,2.31,9.98,-1.0,7.31,-1,2.31,-1.0,2.3,0.18,0.12,22.22,10000,10,0.9,0.5
14.31,2.22,1.95,23.78,10.98,10.96,10,1.94,0.009999999776482582,1.97,0.17,0.23,33.33,15000,20,0.76,0.18
28.07,1.86,1.61,39.32,9.23,14.32,10,1.59,0.3499999940395355,1.63,0.15,0.36,44.44,20000,30,0.61,0.09
42.48,1.54,1.33,51.06,7.87,18.09,10,1.31,0.5600000023841858,1.29,0.12,0.51,55.56,25000,40,0.49,0.06
53.85,1.26,1.09,59.98,6.11,21.67,10,1.07,0.7099999785423279,1.01,0.1,0.63,66.67,30000,50,0.4,0.04
63.22,1.02,0.92,67.64,5.07,25.36,10,0.9,0.7799999713897705,0.78,0.08,0.71,77.78,35000,60,0.32,0.03
72.9,0.76,0.89,71.4,3.24,29.15,10,0.86,0.8299999833106995,0.63,0.07,0.77,88.89,40000,70,0.29,0.03
82.73,0.5,0.9,73.18,1.6,32.44,10,0.87,0.8299999833106995,0.45,0.06,0.83,100.0,45000,80,0.27,0.02
