Train Accuracy,Train Loss,Evaluation Loss,Evaluation Accuracy,Query Times,Training Times,Cluster Coverage,Log Loss,Diversity Metrics,Entropy Reduction,MAE,Model Confidence,Data Percentage,Data Count,EPOCHS,Top 1 Error,Top 5 Error
10.08,2.32,2.31,10.14,-1.0,7.79,-1,2.31,-1.0,2.3,0.18,0.12,22.22,10000,10,0.9,0.49
15.84,2.17,1.92,22.76,10.83,11.13,10,1.91,0.009999999776482582,1.96,0.17,0.22,33.33,15000,20,0.77,0.17
28.55,1.85,1.61,39.22,9.33,14.98,10,1.59,0.3499999940395355,1.65,0.15,0.36,44.44,20000,30,0.61,0.09
41.0,1.56,1.3,51.48,7.98,18.57,10,1.28,0.5699999928474426,1.34,0.13,0.48,55.56,25000,40,0.49,0.05
53.67,1.27,1.15,59.88,6.61,22.08,10,1.13,0.699999988079071,1.01,0.1,0.62,66.67,30000,50,0.4,0.04
64.07,1.0,0.97,66.94,4.93,25.98,10,0.94,0.7799999713897705,0.73,0.08,0.73,77.78,35000,60,0.33,0.03
73.6,0.75,0.92,70.28,3.29,29.48,10,0.89,0.8399999737739563,0.56,0.07,0.79,88.89,40000,70,0.3,0.03
83.57,0.49,0.92,72.08,1.79,34.62,10,0.9,0.8199999928474426,0.45,0.06,0.83,100.0,45000,80,0.28,0.02
