Train Accuracy,Train Loss,Evaluation Loss,Evaluation Accuracy,Query Times,Training Times,Cluster Coverage,Log Loss,Diversity Metrics,Entropy Reduction,MAE,Model Confidence,Data Percentage,Data Count,EPOCHS,Top 1 Error,Top 5 Error
10.2,2.32,2.31,10.02,-1.0,7.4,-1,2.31,-1.0,2.3,0.18,0.12,22.22,10000,10,0.9,0.49
14.36,2.23,1.96,23.5,10.9,10.99,10,1.95,0.009999999776482582,1.99,0.17,0.23,33.33,15000,20,0.76,0.18
30.74,1.81,1.57,40.14,9.34,14.67,10,1.56,0.3199999928474426,1.53,0.14,0.41,44.44,20000,30,0.6,0.08
44.11,1.5,1.26,53.46,8.1,18.15,10,1.24,0.6100000143051147,1.2,0.12,0.55,55.56,25000,40,0.47,0.04
54.89,1.24,1.04,62.48,6.53,21.8,10,1.03,0.75,0.99,0.1,0.63,66.67,30000,50,0.38,0.03
64.02,1.0,0.97,66.64,4.78,25.32,10,0.95,0.8100000023841858,0.74,0.08,0.72,77.78,35000,60,0.33,0.03
74.23,0.74,0.94,69.54,3.28,29.23,10,0.92,0.8399999737739563,0.62,0.07,0.78,88.89,40000,70,0.3,0.03
83.86,0.48,1.02,70.88,1.68,32.86,10,1.0,0.8299999833106995,0.45,0.07,0.83,100.0,45000,80,0.29,0.03
