Train Accuracy,Train Loss,Evaluation Loss,Evaluation Accuracy,Query Times,Training Times,Cluster Coverage,Log Loss,Diversity Metrics,Entropy Reduction,MAE,Model Confidence,Data Percentage,Data Count,EPOCHS,Top 1 Error,Top 5 Error
10.1,2.32,2.31,9.7,-1.0,7.51,-1,2.31,-1.0,2.3,0.18,0.12,22.22,10000,10,0.9,0.5
11.54,2.29,2.16,16.96,11.39,11.62,10,2.15,0.009999999776482582,2.21,0.17,0.16,33.33,15000,20,0.83,0.3
24.74,1.91,1.72,33.1,9.32,15.39,10,1.71,0.12999999523162842,1.77,0.16,0.3,44.44,20000,30,0.67,0.12
37.43,1.63,1.35,50.82,8.0,18.55,10,1.32,0.47999998927116394,1.38,0.13,0.47,55.56,25000,40,0.49,0.06
51.44,1.32,1.08,61.66,6.5,22.49,10,1.06,0.6899999976158142,1.05,0.1,0.62,66.67,30000,50,0.38,0.03
62.19,1.05,0.9,68.94,5.07,26.0,10,0.88,0.7799999713897705,0.82,0.08,0.7,77.78,35000,60,0.31,0.02
72.09,0.79,0.84,71.88,3.36,29.83,10,0.82,0.8199999928474426,0.64,0.07,0.77,88.89,40000,70,0.28,0.02
82.08,0.53,0.86,73.72,1.75,33.18,10,0.84,0.8299999833106995,0.48,0.06,0.82,100.0,45000,80,0.26,0.02
