Train Accuracy,Train Loss,Evaluation Loss,Evaluation Accuracy,Query Times,Training Times,Cluster Coverage,Log Loss,Diversity Metrics,Entropy Reduction,MAE,Model Confidence,Data Percentage,Data Count,EPOCHS,Top 1 Error,Top 5 Error
9.98,2.32,2.31,10.0,-1.0,7.32,-1,2.31,-1.0,2.3,0.18,0.12,22.22,10000,10,0.9,0.49
10.56,2.31,2.27,13.48,10.92,10.86,10,2.27,0.009999999776482582,2.29,0.18,0.12,33.33,15000,20,0.87,0.41
24.2,1.93,1.72,33.64,9.17,14.42,10,1.71,0.009999999776482582,1.74,0.15,0.31,44.44,20000,30,0.66,0.11
37.99,1.62,1.39,47.94,8.02,18.1,10,1.37,0.5099999904632568,1.37,0.13,0.47,55.56,25000,40,0.52,0.06
51.25,1.32,1.12,59.42,6.53,21.75,10,1.1,0.6899999976158142,1.08,0.11,0.6,66.67,30000,50,0.41,0.04
62.28,1.04,1.01,64.52,4.71,25.42,10,0.99,0.7900000214576721,0.83,0.09,0.69,77.78,35000,60,0.35,0.03
72.55,0.78,0.83,71.74,3.26,28.84,10,0.81,0.8399999737739563,0.64,0.07,0.77,88.89,40000,70,0.28,0.02
82.48,0.51,0.92,72.06,1.63,32.48,10,0.89,0.8199999928474426,0.46,0.06,0.83,100.0,45000,80,0.28,0.02
