Train Accuracy,Train Loss,Evaluation Loss,Evaluation Accuracy,Query Times,Training Times,Cluster Coverage,Log Loss,Diversity Metrics,Entropy Reduction,MAE,Model Confidence,Data Percentage,Data Count,EPOCHS,Top 1 Error,Top 5 Error
14.23,2.26,2.08,24.94,-1.0,31.2,-1,2.07,-1.0,2.0,0.17,0.25,22.22,10000,10,0.75,0.25
32.86,1.79,1.52,43.88,33.35,46.63,10,1.51,0.3199999928474426,1.42,0.14,0.46,33.33,15000,20,0.56,0.08
45.03,1.48,1.21,56.24,28.22,62.1,10,1.2,0.6600000262260437,1.15,0.11,0.57,44.44,20000,30,0.44,0.05
55.33,1.22,0.97,65.68,23.26,77.61,10,0.96,0.7599999904632568,0.85,0.09,0.7,55.56,25000,40,0.34,0.03
65.57,0.95,0.74,74.14,19.76,92.84,10,0.74,0.8199999928474426,0.66,0.07,0.76,66.67,30000,50,0.26,0.02
73.41,0.74,0.63,78.82,14.25,108.5,10,0.63,0.8500000238418579,0.5,0.06,0.82,77.78,35000,60,0.21,0.01
81.35,0.53,0.57,81.22,9.88,123.76,10,0.56,0.8600000143051147,0.44,0.05,0.84,88.89,40000,70,0.19,0.01
87.52,0.36,0.53,82.94,4.58,139.93,10,0.53,0.8399999737739563,0.33,0.04,0.88,100.0,45000,80,0.17,0.01
