Train Accuracy,Train Loss,Evaluation Loss,Evaluation Accuracy,Query Times,Training Times,Cluster Coverage,Log Loss,Diversity Metrics,Entropy Reduction,MAE,Model Confidence,Data Percentage,Data Count,EPOCHS,Top 1 Error,Top 5 Error
13.83,2.28,2.08,24.18,-1.0,2.44,-1,2.08,-1.0,2.15,0.17,0.18,22.22,10000,10,0.76,0.26
39.34,1.64,1.54,43.4,19.67,3.61,10,1.54,0.20000000298023224,1.63,0.14,0.39,33.33,15000,20,0.57,0.09
59.24,1.14,1.19,57.02,16.89,4.78,10,1.19,0.5099999904632568,1.28,0.11,0.53,44.44,20000,30,0.43,0.05
71.99,0.81,1.02,64.58,14.09,5.94,10,1.02,0.6100000143051147,1.07,0.1,0.61,55.56,25000,40,0.35,0.04
77.67,0.65,0.85,69.96,11.3,7.1,10,0.86,0.6000000238418579,0.89,0.08,0.69,66.67,30000,50,0.3,0.03
81.54,0.54,0.7,75.92,8.49,8.27,10,0.71,0.6100000143051147,0.69,0.07,0.75,77.78,35000,60,0.24,0.02
83.57,0.47,0.61,79.2,5.7,9.43,10,0.62,0.5699999928474426,0.59,0.06,0.79,88.89,40000,70,0.21,0.01
83.89,0.46,0.55,80.8,2.9,10.6,10,0.55,0.5600000023841858,0.5,0.05,0.82,100.0,45000,80,0.19,0.01
