Train Accuracy,Train Loss,Evaluation Loss,Evaluation Accuracy,Query Times,Training Times,Cluster Coverage,Log Loss,Diversity Metrics,Entropy Reduction,MAE,Model Confidence,Data Percentage,Data Count,EPOCHS,Top 1 Error,Top 5 Error
12.71,2.27,2.11,25.52,-1.0,2.44,-1,2.11,-1.0,2.18,0.17,0.17,22.22,10000,10,0.74,0.23
38.96,1.64,1.55,42.6,19.67,3.61,10,1.55,0.14000000059604645,1.66,0.14,0.38,33.33,15000,20,0.57,0.09
58.31,1.16,1.25,54.14,16.87,4.77,10,1.25,0.49000000953674316,1.29,0.12,0.52,44.44,20000,30,0.46,0.06
69.91,0.87,1.03,62.98,14.08,5.94,10,1.03,0.6000000238418579,1.07,0.1,0.61,55.56,25000,40,0.37,0.04
76.89,0.67,0.87,69.22,11.3,7.11,10,0.87,0.5799999833106995,0.86,0.08,0.69,66.67,30000,50,0.31,0.03
81.02,0.55,0.71,75.34,8.49,8.27,10,0.72,0.6000000238418579,0.78,0.07,0.72,77.78,35000,60,0.25,0.02
83.19,0.48,0.61,78.68,5.7,9.45,10,0.62,0.550000011920929,0.58,0.06,0.79,88.89,40000,70,0.21,0.01
83.79,0.46,0.54,81.44,2.92,10.61,10,0.54,0.5799999833106995,0.54,0.05,0.81,100.0,45000,80,0.19,0.01
