Train Accuracy,Train Loss,Evaluation Loss,Evaluation Accuracy,Query Times,Training Times,Cluster Coverage,Log Loss,Diversity Metrics,Entropy Reduction,MAE,Model Confidence,Data Percentage,Data Count,EPOCHS,Top 1 Error,Top 5 Error
12.31,2.28,2.04,25.06,-1.0,2.45,-1,2.04,-1.0,2.11,0.17,0.2,22.22,10000,10,0.75,0.24
41.62,1.57,1.5,45.74,19.83,3.63,10,1.5,0.23999999463558197,1.61,0.14,0.39,33.33,15000,20,0.54,0.08
60.33,1.11,1.23,55.72,17.04,4.81,10,1.24,0.5,1.26,0.12,0.54,44.44,20000,30,0.44,0.05
71.51,0.81,1.03,62.72,14.1,5.96,10,1.03,0.5799999833106995,1.07,0.1,0.61,55.56,25000,40,0.37,0.03
77.38,0.65,0.88,68.26,11.32,7.12,10,0.88,0.5699999928474426,0.8,0.08,0.71,66.67,30000,50,0.32,0.02
81.29,0.54,0.7,75.14,8.54,8.31,10,0.7,0.6299999952316284,0.73,0.07,0.74,77.78,35000,60,0.25,0.01
83.6,0.47,0.59,79.42,5.75,9.5,10,0.59,0.6200000047683716,0.57,0.06,0.8,88.89,40000,70,0.21,0.01
84.01,0.46,0.51,82.4,2.91,10.61,10,0.51,0.5699999928474426,0.48,0.05,0.83,100.0,45000,80,0.18,0.01
