Train Accuracy,Train Loss,Evaluation Loss,Evaluation Accuracy,Query Times,Training Times,Cluster Coverage,Log Loss,Diversity Metrics,Entropy Reduction,MAE,Model Confidence,Data Percentage,Data Count,EPOCHS,Top 1 Error,Top 5 Error
12.17,2.3,2.25,14.24,-1.0,2.46,-1,2.25,-1.0,2.29,0.18,0.12,22.22,10000,10,0.86,0.38
37.14,1.69,1.52,42.94,19.79,3.61,10,1.52,0.009999999776482582,1.59,0.14,0.41,33.33,15000,20,0.57,0.08
57.32,1.18,1.19,56.34,16.92,4.8,10,1.19,0.5299999713897705,1.32,0.12,0.51,44.44,20000,30,0.44,0.04
70.52,0.85,0.98,65.22,14.18,5.98,10,0.98,0.5899999737739563,1.04,0.1,0.62,55.56,25000,40,0.35,0.03
77.65,0.65,0.8,70.78,11.45,7.15,10,0.81,0.5899999737739563,0.82,0.08,0.71,66.67,30000,50,0.29,0.02
81.43,0.54,0.67,75.9,8.52,8.3,10,0.67,0.6600000262260437,0.7,0.07,0.75,77.78,35000,60,0.24,0.01
83.09,0.49,0.59,78.84,5.75,9.48,10,0.6,0.5799999833106995,0.59,0.06,0.79,88.89,40000,70,0.21,0.01
83.1,0.48,0.53,81.68,2.92,10.66,10,0.53,0.5699999928474426,0.49,0.05,0.82,100.0,45000,80,0.18,0.01
