Train Accuracy,Train Loss,Evaluation Loss,Evaluation Accuracy,Query Times,Training Times,Cluster Coverage,Log Loss,Diversity Metrics,Entropy Reduction,MAE,Model Confidence,Data Percentage,Data Count,EPOCHS,Top 1 Error,Top 5 Error
14.02,2.26,2.02,24.94,-1.0,2.44,-1,2.03,-1.0,2.06,0.17,0.23,22.22,10000,10,0.75,0.24
40.45,1.62,1.5,45.7,19.74,3.6,10,1.5,0.2800000011920929,1.62,0.14,0.4,33.33,15000,20,0.54,0.08
59.09,1.14,1.22,55.26,16.95,4.78,10,1.23,0.5199999809265137,1.27,0.12,0.54,44.44,20000,30,0.45,0.06
70.57,0.85,0.99,64.28,14.14,5.93,10,1.0,0.5899999737739563,1.02,0.1,0.63,55.56,25000,40,0.36,0.04
77.34,0.66,0.82,70.82,11.34,7.1,10,0.82,0.6000000238418579,0.85,0.08,0.7,66.67,30000,50,0.29,0.03
81.45,0.54,0.67,76.04,8.52,8.26,10,0.67,0.5899999737739563,0.69,0.07,0.75,77.78,35000,60,0.24,0.02
83.63,0.48,0.6,78.86,5.72,9.41,10,0.6,0.6200000047683716,0.55,0.06,0.8,88.89,40000,70,0.21,0.01
83.8,0.46,0.55,81.06,2.91,10.61,10,0.55,0.5899999737739563,0.44,0.05,0.84,100.0,45000,80,0.19,0.01
