Train Accuracy,Train Loss,Evaluation Loss,Evaluation Accuracy,Query Times,Training Times,Cluster Coverage,Log Loss,Diversity Metrics,Entropy Reduction,MAE,Model Confidence,Data Percentage,Data Count,EPOCHS,Top 1 Error,Top 5 Error
12.99,2.26,1.98,28.3,-1.0,2.45,-1,1.98,-1.0,2.07,0.17,0.21,22.22,10000,10,0.72,0.21
40.74,1.61,1.45,46.22,19.75,3.61,10,1.45,0.27000001072883606,1.51,0.14,0.43,33.33,15000,20,0.54,0.07
58.5,1.16,1.16,57.44,17.0,4.79,10,1.16,0.5799999833106995,1.21,0.11,0.55,44.44,20000,30,0.43,0.05
70.23,0.86,1.02,63.12,14.12,5.95,10,1.03,0.6499999761581421,0.99,0.1,0.64,55.56,25000,40,0.37,0.04
77.18,0.67,0.8,71.48,11.36,7.1,10,0.81,0.6399999856948853,0.83,0.08,0.7,66.67,30000,50,0.29,0.02
81.33,0.55,0.73,75.7,8.52,8.27,10,0.73,0.6399999856948853,0.72,0.07,0.74,77.78,35000,60,0.24,0.02
83.21,0.49,0.65,77.48,5.72,9.47,10,0.65,0.6499999761581421,0.57,0.06,0.79,88.89,40000,70,0.23,0.01
84.15,0.45,0.56,80.68,2.92,10.62,10,0.56,0.5600000023841858,0.47,0.05,0.83,100.0,45000,80,0.19,0.01
