Train Accuracy,Train Loss,Evaluation Loss,Evaluation Accuracy,Query Times,Training Times,Cluster Coverage,Log Loss,Diversity Metrics,Entropy Reduction,MAE,Model Confidence,Data Percentage,Data Count,EPOCHS,Top 1 Error,Top 5 Error
11.92,2.29,2.22,18.06,-1.0,2.49,-1,2.22,-1.0,2.28,0.18,0.13,22.22,10000,10,0.82,0.34
35.44,1.74,1.52,44.22,19.97,3.62,10,1.51,0.019999999552965164,1.58,0.14,0.41,33.33,15000,20,0.56,0.09
55.32,1.25,1.25,54.74,16.95,4.78,10,1.25,0.5899999737739563,1.29,0.12,0.53,44.44,20000,30,0.45,0.05
67.44,0.93,1.03,64.12,14.69,5.95,10,1.03,0.6600000262260437,1.04,0.1,0.62,55.56,25000,40,0.36,0.03
75.76,0.71,0.85,70.54,11.33,7.12,10,0.85,0.6800000071525574,0.91,0.08,0.68,66.67,30000,50,0.29,0.02
80.65,0.57,0.72,75.3,8.56,8.26,10,0.72,0.6700000166893005,0.72,0.07,0.74,77.78,35000,60,0.25,0.02
82.87,0.5,0.69,76.34,5.75,9.45,10,0.69,0.6399999856948853,0.6,0.06,0.78,88.89,40000,70,0.24,0.02
83.71,0.46,0.55,81.38,2.92,10.61,10,0.56,0.6299999952316284,0.48,0.05,0.83,100.0,45000,80,0.19,0.01
