Train Accuracy,Train Loss,Evaluation Loss,Evaluation Accuracy,Query Times,Training Times,Cluster Coverage,Log Loss,Diversity Metrics,Entropy Reduction,MAE,Model Confidence,Data Percentage,Data Count,EPOCHS,Top 1 Error,Top 5 Error
12.34,2.28,2.13,21.78,-1.0,2.45,-1,2.13,-1.0,2.2,0.17,0.16,22.22,10000,10,0.78,0.22
38.14,1.66,1.56,43.06,19.79,3.61,10,1.57,0.10999999940395355,1.69,0.15,0.36,33.33,15000,20,0.57,0.09
55.84,1.23,1.23,54.42,17.0,4.77,10,1.24,0.4699999988079071,1.28,0.12,0.53,44.44,20000,30,0.46,0.05
68.97,0.89,1.02,63.64,14.16,5.92,10,1.02,0.6299999952316284,1.05,0.1,0.62,55.56,25000,40,0.36,0.03
76.25,0.69,0.81,71.86,11.36,7.08,10,0.82,0.6399999856948853,0.81,0.08,0.71,66.67,30000,50,0.28,0.02
81.1,0.56,0.69,75.56,8.55,8.28,10,0.7,0.6299999952316284,0.72,0.07,0.75,77.78,35000,60,0.24,0.01
83.2,0.49,0.62,78.82,5.73,9.43,10,0.62,0.6000000238418579,0.56,0.06,0.8,88.89,40000,70,0.21,0.01
84.27,0.44,0.55,81.36,2.92,10.62,10,0.55,0.5899999737739563,0.48,0.05,0.83,100.0,45000,80,0.19,0.01
