Train Accuracy,Train Loss,Evaluation Loss,Evaluation Accuracy,Query Times,Training Times,Cluster Coverage,Log Loss,Diversity Metrics,Entropy Reduction,MAE,Model Confidence,Data Percentage,Data Count,EPOCHS,Top 1 Error,Top 5 Error
68.32,0.9,1.69,51.68,-1.0,6.54,-1,1.69,-1.0,0.73,0.11,0.74,22.22,10000,10,0.48,0.07
88.78,0.35,1.26,68.08,8.02,9.77,10,1.25,0.7900000214576721,0.38,0.07,0.86,33.33,15000,20,0.32,0.03
93.76,0.2,1.13,73.04,6.94,12.98,10,1.11,0.8700000047683716,0.29,0.06,0.89,44.44,20000,30,0.27,0.02
95.86,0.14,0.99,76.0,5.8,16.25,10,0.99,0.8799999952316284,0.26,0.05,0.9,55.56,25000,40,0.24,0.02
97.24,0.09,0.9,77.92,4.71,19.47,10,0.9,0.8899999856948853,0.23,0.05,0.91,66.67,30000,50,0.22,0.02
98.9,0.04,0.85,80.36,3.53,22.71,10,0.84,0.8899999856948853,0.21,0.04,0.92,77.78,35000,60,0.2,0.02
99.84,0.01,0.84,80.3,2.37,25.88,10,0.82,0.8799999952316284,0.2,0.04,0.92,88.89,40000,70,0.2,0.02
99.94,0.0,0.87,79.48,1.24,29.09,10,0.87,0.8700000047683716,0.21,0.04,0.92,100.0,45000,80,0.21,0.02
