Train Accuracy,Train Loss,Evaluation Loss,Evaluation Accuracy,Query Times,Training Times,Cluster Coverage,Log Loss,Diversity Metrics,Entropy Reduction,MAE,Model Confidence,Data Percentage,Data Count,EPOCHS,Top 1 Error,Top 5 Error
15.0,2.26,2.08,23.6,-1.0,31.08,-1,2.08,-1.0,2.15,0.17,0.2,22.22,10000,10,0.76,0.23
34.02,1.76,1.52,43.7,258.15,46.58,10,1.52,0.1899999976158142,1.54,0.14,0.42,33.33,15000,20,0.56,0.08
49.67,1.36,1.19,57.08,220.73,62.03,10,1.19,0.6000000238418579,1.27,0.12,0.53,44.44,20000,30,0.43,0.05
61.5,1.06,0.99,65.64,185.2,77.24,10,0.99,0.6899999976158142,1.0,0.09,0.64,55.56,25000,40,0.34,0.04
70.41,0.83,0.74,73.84,146.77,92.69,10,0.74,0.7699999809265137,0.81,0.08,0.71,66.67,30000,50,0.26,0.02
76.87,0.65,0.65,77.4,109.45,108.21,10,0.64,0.800000011920929,0.67,0.06,0.76,77.78,35000,60,0.23,0.01
81.68,0.52,0.61,78.54,73.23,123.75,10,0.6,0.8199999928474426,0.55,0.06,0.8,88.89,40000,70,0.21,0.01
85.4,0.42,0.52,82.56,36.76,138.99,10,0.51,0.8399999737739563,0.44,0.05,0.84,100.0,45000,80,0.17,0.01
