Train Accuracy,Train Loss,Evaluation Loss,Evaluation Accuracy,Query Times,Training Times,Cluster Coverage,Log Loss,Diversity Metrics,Entropy Reduction,MAE,Model Confidence,Data Percentage,Data Count,EPOCHS,Top 1 Error,Top 5 Error
12.79,2.28,2.16,20.4,-1.0,31.08,-1,2.16,-1.0,2.19,0.17,0.16,22.22,10000,10,0.8,0.25
35.49,1.74,1.54,42.42,258.3,46.59,10,1.54,0.10000000149011612,1.55,0.14,0.43,33.33,15000,20,0.58,0.08
49.72,1.37,1.25,54.5,220.76,62.04,10,1.25,0.5899999737739563,1.28,0.12,0.53,44.44,20000,30,0.46,0.05
60.92,1.08,0.97,65.8,184.68,77.54,10,0.97,0.6899999976158142,1.06,0.1,0.62,55.56,25000,40,0.34,0.03
70.16,0.84,0.79,72.78,147.77,92.53,10,0.79,0.75,0.81,0.08,0.71,66.67,30000,50,0.27,0.02
76.77,0.66,0.63,77.72,110.58,108.04,10,0.63,0.800000011920929,0.63,0.06,0.78,77.78,35000,60,0.22,0.01
81.44,0.53,0.56,80.64,73.2,123.56,10,0.56,0.8299999833106995,0.53,0.05,0.81,88.89,40000,70,0.19,0.01
85.37,0.42,0.5,83.16,36.66,138.94,10,0.5,0.8399999737739563,0.48,0.05,0.83,100.0,45000,80,0.17,0.01
