Train Accuracy,Train Loss,Evaluation Loss,Evaluation Accuracy,Query Times,Training Times,Cluster Coverage,Log Loss,Diversity Metrics,Entropy Reduction,MAE,Model Confidence,Data Percentage,Data Count,EPOCHS,Top 1 Error,Top 5 Error
32.53,1.85,1.55,44.18,-1.0,1.61,-1,1.54,-1.0,1.58,0.14,0.42,22.22,10000,10,0.56,0.09
46.56,1.47,1.23,56.32,4.03,2.34,10,1.23,0.5799999833106995,1.25,0.12,0.54,33.33,15000,20,0.44,0.05
54.99,1.25,0.98,65.92,3.53,3.05,10,0.98,0.7200000286102295,0.98,0.09,0.65,44.44,20000,30,0.34,0.03
63.36,1.02,0.82,72.02,2.97,3.8,10,0.82,0.800000011920929,0.81,0.08,0.71,55.56,25000,40,0.28,0.02
70.72,0.82,0.73,75.42,2.45,4.54,10,0.73,0.8399999737739563,0.62,0.07,0.77,66.67,30000,50,0.25,0.02
78.24,0.62,0.71,76.56,1.94,5.36,10,0.7,0.8700000047683716,0.53,0.06,0.81,77.78,35000,60,0.23,0.02
85.27,0.43,0.71,77.78,1.33,6.0,10,0.7,0.8700000047683716,0.44,0.05,0.84,88.89,40000,70,0.22,0.02
90.47,0.28,0.76,77.48,0.64,6.8,10,0.75,0.8500000238418579,0.36,0.05,0.87,100.0,45000,80,0.23,0.02
