Train Accuracy,Train Loss,Evaluation Loss,Evaluation Accuracy,Query Times,Training Times,Cluster Coverage,Log Loss,Diversity Metrics,Entropy Reduction,MAE,Model Confidence,Data Percentage,Data Count,EPOCHS,Top 1 Error,Top 5 Error
32.85,1.85,1.5,47.12,-1.0,1.52,-1,1.5,-1.0,1.62,0.14,0.41,22.22,10000,10,0.53,0.08
46.5,1.47,1.23,55.98,3.97,2.21,10,1.23,0.5899999737739563,1.26,0.12,0.54,33.33,15000,20,0.44,0.06
55.44,1.23,0.97,65.38,3.33,2.9,10,0.97,0.7200000286102295,0.97,0.09,0.65,44.44,20000,30,0.35,0.03
63.61,1.01,0.77,73.0,2.91,3.59,10,0.77,0.800000011920929,0.76,0.07,0.73,55.56,25000,40,0.27,0.02
70.87,0.81,0.68,76.74,2.3,4.29,10,0.68,0.8500000238418579,0.63,0.06,0.77,66.67,30000,50,0.23,0.02
78.7,0.61,0.61,79.74,1.75,4.98,10,0.61,0.8700000047683716,0.52,0.06,0.81,77.78,35000,60,0.2,0.01
85.62,0.42,0.64,79.6,1.19,5.69,10,0.64,0.8700000047683716,0.42,0.05,0.85,88.89,40000,70,0.2,0.01
90.42,0.28,0.66,79.9,0.62,6.41,10,0.66,0.8500000238418579,0.36,0.05,0.87,100.0,45000,80,0.2,0.01
