Train Accuracy,Train Loss,Evaluation Loss,Evaluation Accuracy,Query Times,Training Times,Cluster Coverage,Log Loss,Diversity Metrics,Entropy Reduction,MAE,Model Confidence,Data Percentage,Data Count,EPOCHS,Top 1 Error,Top 5 Error
31.77,1.89,1.49,47.32,-1.0,1.53,-1,1.49,-1.0,1.64,0.14,0.4,22.22,10000,10,0.53,0.08
46.03,1.49,1.23,56.68,3.99,2.2,10,1.24,0.5699999928474426,1.31,0.12,0.52,33.33,15000,20,0.43,0.05
55.61,1.24,0.94,67.08,3.37,2.91,10,0.94,0.699999988079071,0.98,0.09,0.65,44.44,20000,30,0.33,0.03
63.66,1.01,0.75,73.5,2.85,3.63,10,0.75,0.800000011920929,0.74,0.07,0.74,55.56,25000,40,0.26,0.02
70.91,0.81,0.67,77.7,2.32,4.33,10,0.67,0.8500000238418579,0.61,0.06,0.78,66.67,30000,50,0.22,0.01
78.47,0.61,0.6,79.5,1.79,5.02,10,0.6,0.8700000047683716,0.51,0.05,0.82,77.78,35000,60,0.2,0.01
85.3,0.42,0.64,79.08,1.19,5.71,10,0.64,0.8700000047683716,0.42,0.05,0.85,88.89,40000,70,0.21,0.01
90.37,0.28,0.62,80.94,0.68,6.41,10,0.62,0.8500000238418579,0.37,0.05,0.87,100.0,45000,80,0.19,0.01
