Train Accuracy,Train Loss,Evaluation Loss,Evaluation Accuracy,Query Times,Training Times,Cluster Coverage,Log Loss,Diversity Metrics,Entropy Reduction,MAE,Model Confidence,Data Percentage,Data Count,EPOCHS,Top 1 Error,Top 5 Error
31.97,1.87,1.51,45.44,-1.0,1.52,-1,1.51,-1.0,1.56,0.14,0.43,22.22,10000,10,0.55,0.08
46.99,1.46,1.19,57.82,3.94,2.2,10,1.19,0.6000000238418579,1.26,0.11,0.54,33.33,15000,20,0.42,0.04
55.28,1.24,1.01,64.38,3.31,2.91,10,1.01,0.7200000286102295,1.0,0.1,0.64,44.44,20000,30,0.36,0.03
64.02,1.01,0.82,71.26,2.84,3.6,10,0.82,0.7900000214576721,0.78,0.08,0.72,55.56,25000,40,0.29,0.02
71.14,0.81,0.74,75.4,2.35,4.32,10,0.74,0.8399999737739563,0.63,0.07,0.77,66.67,30000,50,0.25,0.02
78.62,0.61,0.68,77.1,1.73,5.02,10,0.68,0.8700000047683716,0.56,0.06,0.8,77.78,35000,60,0.23,0.01
85.58,0.42,0.67,78.6,1.21,5.73,10,0.68,0.8700000047683716,0.43,0.05,0.84,88.89,40000,70,0.21,0.01
90.54,0.27,0.71,78.18,0.68,6.4,10,0.71,0.8199999928474426,0.37,0.05,0.86,100.0,45000,80,0.22,0.01
