Train Accuracy,Train Loss,Evaluation Loss,Evaluation Accuracy,Query Times,Training Times,Cluster Coverage,Log Loss,Diversity Metrics,Entropy Reduction,MAE,Model Confidence,Data Percentage,Data Count,EPOCHS,Top 1 Error,Top 5 Error
24.73,2.05,1.75,37.8,-1.0,1.56,-1,1.75,-1.0,1.83,0.15,0.34,22.22,10000,10,0.62,0.14
49.72,1.46,1.48,46.48,4.03,2.24,10,1.49,0.47999998927116394,1.47,0.13,0.47,33.33,15000,20,0.54,0.08
59.72,1.19,1.39,50.64,3.55,3.01,10,1.4,0.6100000143051147,1.37,0.13,0.5,44.44,20000,30,0.49,0.07
63.93,1.06,1.3,53.92,3.06,3.84,10,1.3,0.6100000143051147,1.2,0.12,0.56,55.56,25000,40,0.46,0.06
66.24,0.99,1.24,55.94,2.4,4.54,10,1.25,0.6200000047683716,1.13,0.11,0.59,66.67,30000,50,0.44,0.05
67.39,0.94,1.19,58.58,1.95,5.23,10,1.19,0.6100000143051147,1.02,0.1,0.63,77.78,35000,60,0.41,0.05
68.39,0.9,1.14,60.4,1.16,5.93,10,1.14,0.6000000238418579,0.96,0.1,0.65,88.89,40000,70,0.4,0.04
69.21,0.87,1.09,62.98,0.66,6.61,10,1.09,0.5899999737739563,0.89,0.09,0.68,100.0,45000,80,0.37,0.04
