Train Accuracy,Train Loss,Evaluation Loss,Evaluation Accuracy,Query Times,Training Times,Cluster Coverage,Log Loss,Diversity Metrics,Entropy Reduction,MAE,Model Confidence,Data Percentage,Data Count,EPOCHS,Top 1 Error,Top 5 Error
23.34,2.09,1.82,34.82,-1.0,1.55,-1,1.82,-1.0,1.88,0.16,0.31,22.22,10000,10,0.65,0.15
47.9,1.49,1.54,43.82,4.26,2.27,10,1.54,0.4399999976158142,1.53,0.14,0.44,33.33,15000,20,0.56,0.09
58.62,1.21,1.39,51.22,3.51,3.05,10,1.38,0.5699999928474426,1.33,0.12,0.52,44.44,20000,30,0.49,0.07
64.28,1.05,1.29,53.4,2.91,3.74,10,1.29,0.6200000047683716,1.24,0.12,0.55,55.56,25000,40,0.47,0.06
67.15,0.96,1.21,56.94,2.38,4.43,10,1.21,0.6100000143051147,1.09,0.11,0.6,66.67,30000,50,0.43,0.05
68.87,0.91,1.13,60.22,1.83,5.18,10,1.13,0.6100000143051147,1.04,0.1,0.63,77.78,35000,60,0.4,0.05
69.84,0.87,1.09,62.14,1.24,5.93,10,1.08,0.5899999737739563,0.94,0.09,0.67,88.89,40000,70,0.38,0.04
70.25,0.84,1.05,63.74,0.65,6.66,10,1.04,0.5699999928474426,0.85,0.09,0.69,100.0,45000,80,0.36,0.03
