Train Accuracy,Train Loss,Evaluation Loss,Evaluation Accuracy,Query Times,Training Times,Cluster Coverage,Log Loss,Diversity Metrics,Entropy Reduction,MAE,Model Confidence,Data Percentage,Data Count,EPOCHS,Top 1 Error,Top 5 Error
13.8,2.26,2.08,24.36,-1.0,2.44,-1,2.08,-1.0,2.14,0.17,0.2,22.22,10000,10,0.76,0.23
32.85,1.8,1.58,41.58,19.75,3.61,10,1.58,0.1899999976158142,1.65,0.15,0.37,33.33,15000,20,0.58,0.09
46.75,1.46,1.19,57.04,16.94,4.78,10,1.19,0.550000011920929,1.27,0.12,0.53,44.44,20000,30,0.43,0.05
57.19,1.18,0.89,69.24,14.14,5.95,10,0.89,0.7099999785423279,0.96,0.09,0.65,55.56,25000,40,0.31,0.02
65.97,0.94,0.7,75.86,11.32,7.1,10,0.7,0.8100000023841858,0.76,0.07,0.73,66.67,30000,50,0.24,0.02
73.98,0.73,0.59,80.08,8.53,8.28,10,0.59,0.8500000238418579,0.6,0.06,0.79,77.78,35000,60,0.2,0.01
81.89,0.52,0.54,81.34,5.72,9.42,10,0.54,0.8600000143051147,0.49,0.05,0.82,88.89,40000,70,0.19,0.01
87.99,0.34,0.55,82.16,2.91,10.59,10,0.55,0.8500000238418579,0.42,0.05,0.85,100.0,45000,80,0.18,0.01
