Train Accuracy,Train Loss,Evaluation Loss,Evaluation Accuracy,Query Times,Training Times,Cluster Coverage,Log Loss,Diversity Metrics,Entropy Reduction,MAE,Model Confidence,Data Percentage,Data Count,EPOCHS,Top 1 Error,Top 5 Error
12.73,2.27,2.13,22.92,-1.0,2.44,-1,2.13,-1.0,2.21,0.17,0.15,22.22,10000,10,0.77,0.22
32.41,1.81,1.53,44.06,19.72,3.61,10,1.53,0.10999999940395355,1.65,0.14,0.38,33.33,15000,20,0.56,0.08
45.78,1.48,1.19,56.62,16.89,4.77,10,1.19,0.5600000023841858,1.21,0.11,0.55,44.44,20000,30,0.43,0.04
56.54,1.2,0.94,67.24,14.1,5.93,10,0.93,0.7400000095367432,0.98,0.09,0.64,55.56,25000,40,0.33,0.02
66.24,0.94,0.73,74.14,11.31,7.1,10,0.73,0.8100000023841858,0.75,0.07,0.73,66.67,30000,50,0.26,0.02
74.4,0.72,0.61,78.64,8.51,8.27,10,0.61,0.8500000238418579,0.62,0.06,0.78,77.78,35000,60,0.21,0.01
82.61,0.5,0.58,80.08,5.71,9.45,10,0.58,0.8500000238418579,0.49,0.05,0.83,88.89,40000,70,0.2,0.01
88.83,0.32,0.54,81.96,2.91,10.61,10,0.54,0.8299999833106995,0.41,0.05,0.85,100.0,45000,80,0.18,0.01
