Train Accuracy,Train Loss,Evaluation Loss,Evaluation Accuracy,Query Times,Training Times,Cluster Coverage,Log Loss,Diversity Metrics,Entropy Reduction,MAE,Model Confidence,Data Percentage,Data Count,EPOCHS,Top 1 Error,Top 5 Error
10.17,2.3,2.29,10.24,-1.0,2.44,-1,2.29,-1.0,2.3,0.18,0.11,22.22,10000,10,0.9,0.41
31.47,1.83,1.58,40.78,19.74,3.61,10,1.59,0.0,1.66,0.15,0.37,33.33,15000,20,0.59,0.09
46.02,1.47,1.22,55.64,16.93,4.78,10,1.22,0.550000011920929,1.26,0.12,0.53,44.44,20000,30,0.44,0.04
56.21,1.21,0.97,66.24,14.13,5.93,10,0.97,0.7300000190734863,0.96,0.09,0.65,55.56,25000,40,0.34,0.03
65.61,0.96,0.75,73.34,11.32,7.09,10,0.75,0.800000011920929,0.82,0.08,0.71,66.67,30000,50,0.27,0.01
73.47,0.74,0.6,79.26,8.53,8.27,10,0.6,0.8299999833106995,0.59,0.06,0.79,77.78,35000,60,0.21,0.01
81.52,0.53,0.58,79.84,5.71,9.42,10,0.58,0.8600000143051147,0.52,0.05,0.82,88.89,40000,70,0.2,0.01
87.71,0.35,0.57,80.46,2.91,10.6,10,0.57,0.8399999737739563,0.46,0.05,0.84,100.0,45000,80,0.2,0.01
