Train Accuracy,Train Loss,Evaluation Loss,Evaluation Accuracy,Query Times,Training Times,Cluster Coverage,Log Loss,Diversity Metrics,Entropy Reduction,MAE,Model Confidence,Data Percentage,Data Count,EPOCHS,Top 1 Error,Top 5 Error
68.44,0.88,1.5,60.06,-1.0,4.66,-1,1.5,-1.0,0.5,0.09,0.82,22.22,10000,10,0.4,0.04
86.82,0.39,1.07,71.92,6.02,6.9,10,1.07,0.8299999833106995,0.34,0.06,0.88,33.33,15000,20,0.28,0.03
92.15,0.24,0.92,77.6,5.23,9.16,10,0.92,0.8700000047683716,0.23,0.05,0.92,44.44,20000,30,0.22,0.02
94.79,0.16,0.91,79.24,4.37,11.39,10,0.91,0.8899999856948853,0.19,0.04,0.93,55.56,25000,40,0.21,0.02
96.84,0.1,0.81,81.28,3.48,13.65,10,0.81,0.8899999856948853,0.17,0.04,0.94,66.67,30000,50,0.19,0.01
98.33,0.05,0.77,83.32,2.61,15.95,10,0.77,0.8899999856948853,0.14,0.04,0.95,77.78,35000,60,0.17,0.01
99.1,0.03,0.74,83.58,1.8,18.24,10,0.74,0.8799999952316284,0.13,0.03,0.95,88.89,40000,70,0.16,0.01
99.24,0.02,0.81,83.28,0.97,20.47,10,0.82,0.8399999737739563,0.13,0.03,0.95,100.0,45000,80,0.17,0.01
