Train Accuracy,Train Loss,Evaluation Loss,Evaluation Accuracy,Query Times,Training Times,Cluster Coverage,Log Loss,Diversity Metrics,Entropy Reduction,MAE,Model Confidence,Data Percentage,Data Count,EPOCHS,Top 1 Error,Top 5 Error
70.15,0.83,1.43,61.62,-1.0,4.63,-1,1.44,-1.0,0.5,0.08,0.82,22.22,10000,10,0.38,0.04
86.6,0.4,1.04,72.64,5.97,6.89,10,1.05,0.8299999833106995,0.33,0.06,0.88,33.33,15000,20,0.27,0.02
92.25,0.24,0.91,77.18,5.19,9.14,10,0.91,0.8700000047683716,0.24,0.05,0.91,44.44,20000,30,0.23,0.01
95.12,0.15,0.8,80.5,4.31,11.39,10,0.8,0.8799999952316284,0.21,0.04,0.92,55.56,25000,40,0.2,0.01
96.99,0.09,0.85,81.3,3.47,13.63,10,0.85,0.8899999856948853,0.15,0.04,0.94,66.67,30000,50,0.19,0.01
98.42,0.05,0.77,82.64,2.66,15.89,10,0.77,0.8799999952316284,0.14,0.04,0.95,77.78,35000,60,0.17,0.01
99.12,0.03,0.86,82.66,1.79,18.15,10,0.85,0.8799999952316284,0.14,0.04,0.95,88.89,40000,70,0.17,0.01
99.19,0.02,0.76,83.58,0.96,20.39,10,0.77,0.8600000143051147,0.13,0.03,0.95,100.0,45000,80,0.16,0.01
