Train Accuracy,Train Loss,Evaluation Loss,Evaluation Accuracy,Query Times,Training Times,Cluster Coverage,Log Loss,Diversity Metrics,Entropy Reduction,MAE,Model Confidence,Data Percentage,Data Count,EPOCHS,Top 1 Error,Top 5 Error
70.31,0.83,1.47,62.26,-1.0,4.69,-1,1.47,-1.0,0.46,0.08,0.84,22.22,10000,10,0.38,0.05
86.92,0.39,1.0,73.5,6.23,6.96,10,1.0,0.8399999737739563,0.32,0.06,0.89,33.33,15000,20,0.26,0.02
92.46,0.23,0.9,78.7,5.31,9.25,10,0.89,0.8700000047683716,0.23,0.05,0.92,44.44,20000,30,0.21,0.02
94.88,0.16,0.81,81.3,4.45,11.52,10,0.81,0.8799999952316284,0.19,0.04,0.93,55.56,25000,40,0.19,0.01
97.1,0.09,0.82,82.58,3.58,13.79,10,0.82,0.8899999856948853,0.16,0.04,0.94,66.67,30000,50,0.17,0.01
98.49,0.05,0.86,81.96,2.75,16.09,10,0.86,0.8899999856948853,0.14,0.04,0.95,77.78,35000,60,0.18,0.01
99.09,0.03,0.83,82.86,1.81,18.37,10,0.83,0.8799999952316284,0.13,0.04,0.95,88.89,40000,70,0.17,0.01
99.1,0.03,0.8,83.14,0.96,20.66,10,0.8,0.8600000143051147,0.13,0.03,0.95,100.0,45000,80,0.17,0.01
