Train Accuracy,Train Loss,Evaluation Loss,Evaluation Accuracy,Query Times,Training Times,Cluster Coverage,Log Loss,Diversity Metrics,Entropy Reduction,MAE,Model Confidence,Data Percentage,Data Count,EPOCHS,Top 1 Error,Top 5 Error
68.79,0.88,1.41,60.54,-1.0,4.63,-1,1.42,-1.0,0.53,0.08,0.81,22.22,10000,10,0.39,0.05
86.9,0.39,0.99,74.12,5.96,6.86,10,0.99,0.8299999833106995,0.3,0.06,0.89,33.33,15000,20,0.26,0.02
91.87,0.24,0.94,77.46,5.18,9.12,10,0.94,0.8700000047683716,0.22,0.05,0.92,44.44,20000,30,0.23,0.01
94.95,0.16,0.77,81.3,4.31,11.37,10,0.77,0.8799999952316284,0.19,0.04,0.93,55.56,25000,40,0.19,0.01
96.73,0.1,0.79,81.98,3.46,13.61,10,0.79,0.8899999856948853,0.17,0.04,0.94,66.67,30000,50,0.18,0.01
98.42,0.05,0.84,81.86,2.63,15.88,10,0.85,0.8899999856948853,0.15,0.04,0.94,77.78,35000,60,0.18,0.01
99.03,0.03,0.79,83.38,1.8,18.12,10,0.79,0.8799999952316284,0.13,0.03,0.95,88.89,40000,70,0.17,0.01
99.14,0.03,0.84,82.08,0.95,20.37,10,0.85,0.8500000238418579,0.14,0.04,0.95,100.0,45000,80,0.18,0.01
