Train Accuracy,Train Loss,Evaluation Loss,Evaluation Accuracy,Query Times,Training Times,Cluster Coverage,Log Loss,Diversity Metrics,Entropy Reduction,MAE,Model Confidence,Data Percentage,Data Count,EPOCHS,Top 1 Error,Top 5 Error
12.23,2.28,2.01,25.52,-1.0,31.25,-1,2.01,-1.0,2.04,0.17,0.22,22.22,10000,10,0.74,0.23
37.79,1.7,1.49,43.84,33.34,46.75,10,1.49,0.28999999165534973,1.39,0.13,0.49,33.33,15000,20,0.56,0.07
55.85,1.24,1.27,53.7,28.57,62.29,10,1.27,0.6399999856948853,1.16,0.11,0.57,44.44,20000,30,0.46,0.05
67.31,0.93,0.96,65.26,23.54,77.69,10,0.97,0.6899999976158142,0.91,0.09,0.67,55.56,25000,40,0.35,0.03
76.44,0.69,0.8,71.4,19.14,94.16,10,0.8,0.699999988079071,0.77,0.08,0.72,66.67,30000,50,0.29,0.02
81.25,0.55,0.73,74.64,15.02,110.92,10,0.73,0.6800000071525574,0.55,0.06,0.8,77.78,35000,60,0.25,0.02
83.42,0.48,0.61,79.28,9.62,124.28,10,0.61,0.699999988079071,0.47,0.05,0.83,88.89,40000,70,0.21,0.01
84.56,0.44,0.57,81.18,4.74,138.66,10,0.57,0.6499999761581421,0.37,0.05,0.86,100.0,45000,80,0.19,0.01
