Train Accuracy,Train Loss,Evaluation Loss,Evaluation Accuracy,Query Times,Training Times,Cluster Coverage,Log Loss,Diversity Metrics,Entropy Reduction,MAE,Model Confidence,Data Percentage,Data Count,EPOCHS,Top 1 Error,Top 5 Error
14.68,2.25,2.04,26.06,-1.0,34.81,-1,2.04,-1.0,2.03,0.17,0.23,22.22,10000,10,0.74,0.23
37.47,1.7,1.56,41.94,36.75,49.61,10,1.56,0.28999999165534973,1.5,0.14,0.44,33.33,15000,20,0.58,0.08
55.7,1.25,1.22,55.46,30.93,66.09,10,1.23,0.5699999928474426,1.2,0.11,0.56,44.44,20000,30,0.45,0.05
68.83,0.9,0.96,64.8,25.6,81.31,10,0.97,0.6499999761581421,0.93,0.09,0.66,55.56,25000,40,0.35,0.03
76.58,0.69,0.82,70.74,19.69,93.08,10,0.82,0.6499999761581421,0.72,0.08,0.74,66.67,30000,50,0.29,0.02
80.6,0.57,0.69,75.46,14.14,108.35,10,0.69,0.6299999952316284,0.64,0.06,0.77,77.78,35000,60,0.25,0.01
82.94,0.5,0.59,79.64,9.44,123.92,10,0.59,0.6299999952316284,0.47,0.05,0.83,88.89,40000,70,0.2,0.01
83.72,0.46,0.52,81.36,4.84,139.7,10,0.52,0.5899999737739563,0.45,0.05,0.84,100.0,45000,80,0.19,0.01
