Train Accuracy,Train Loss,Evaluation Loss,Evaluation Accuracy,Query Times,Training Times,Cluster Coverage,Log Loss,Diversity Metrics,Entropy Reduction,MAE,Model Confidence,Data Percentage,Data Count,EPOCHS,Top 1 Error,Top 5 Error
15.34,2.25,2.08,25.38,-1.0,31.18,-1,2.08,-1.0,2.06,0.17,0.22,22.22,10000,10,0.75,0.22
38.92,1.65,1.64,41.62,33.78,46.82,10,1.64,0.25,1.37,0.14,0.49,33.33,15000,20,0.58,0.09
57.78,1.19,1.21,55.82,28.11,62.24,10,1.22,0.6000000238418579,1.15,0.11,0.58,44.44,20000,30,0.44,0.05
69.64,0.88,1.02,63.44,24.2,77.85,10,1.03,0.6700000166893005,0.91,0.09,0.67,55.56,25000,40,0.37,0.04
76.6,0.69,0.82,70.24,18.88,92.96,10,0.83,0.6700000166893005,0.81,0.08,0.71,66.67,30000,50,0.3,0.02
80.82,0.56,0.71,74.88,14.44,108.64,10,0.71,0.6299999952316284,0.57,0.06,0.79,77.78,35000,60,0.25,0.02
83.0,0.49,0.62,78.64,9.71,124.19,10,0.62,0.6700000166893005,0.46,0.05,0.83,88.89,40000,70,0.21,0.01
84.09,0.45,0.54,81.7,5.06,139.69,10,0.54,0.6499999761581421,0.39,0.05,0.86,100.0,45000,80,0.18,0.01
