Train Accuracy,Train Loss,Evaluation Loss,Evaluation Accuracy,Query Times,Training Times,Cluster Coverage,Log Loss,Diversity Metrics,Entropy Reduction,MAE,Model Confidence,Data Percentage,Data Count,EPOCHS,Top 1 Error,Top 5 Error
13.67,2.27,2.05,25.62,-1.0,33.63,-1,2.05,-1.0,2.04,0.17,0.24,22.22,10000,10,0.74,0.24
37.65,1.7,1.57,42.54,37.22,50.42,10,1.57,0.28999999165534973,1.41,0.14,0.47,33.33,15000,20,0.57,0.08
55.41,1.25,1.23,55.24,30.73,66.88,10,1.23,0.6200000047683716,1.14,0.11,0.58,44.44,20000,30,0.45,0.05
68.23,0.91,1.0,64.9,25.48,83.07,10,1.0,0.699999988079071,0.93,0.09,0.66,55.56,25000,40,0.35,0.03
76.89,0.68,0.84,71.4,20.52,99.85,10,0.84,0.7099999785423279,0.74,0.08,0.74,66.67,30000,50,0.29,0.02
81.39,0.55,0.7,75.54,19.31,110.07,10,0.7,0.7200000286102295,0.6,0.06,0.78,77.78,35000,60,0.24,0.02
83.41,0.48,0.64,79.1,9.77,125.15,10,0.64,0.6800000071525574,0.48,0.05,0.83,88.89,40000,70,0.21,0.01
84.1,0.45,0.55,81.36,4.84,140.03,10,0.55,0.6299999952316284,0.42,0.05,0.85,100.0,45000,80,0.19,0.01
