Train Accuracy,Train Loss,Evaluation Loss,Evaluation Accuracy,Query Times,Training Times,Cluster Coverage,Log Loss,Diversity Metrics,Entropy Reduction,MAE,Model Confidence,Data Percentage,Data Count,EPOCHS,Top 1 Error,Top 5 Error
11.52,2.29,2.11,22.52,-1.0,32.21,-1,2.1,-1.0,2.18,0.17,0.18,22.22,10000,10,0.77,0.28
36.72,1.71,1.48,44.96,32.98,48.54,10,1.48,0.17000000178813934,1.44,0.14,0.46,33.33,15000,20,0.55,0.07
50.92,1.33,1.19,56.72,28.5,64.36,10,1.19,0.6399999856948853,1.14,0.11,0.58,44.44,20000,30,0.43,0.04
62.16,1.05,0.94,66.48,23.63,79.99,10,0.94,0.7300000190734863,0.86,0.09,0.69,55.56,25000,40,0.34,0.02
71.58,0.8,0.78,73.26,19.28,96.01,10,0.78,0.7900000214576721,0.64,0.07,0.77,66.67,30000,50,0.27,0.02
78.0,0.62,0.63,79.34,14.22,109.22,10,0.63,0.8199999928474426,0.53,0.06,0.81,77.78,35000,60,0.21,0.01
82.67,0.5,0.56,80.9,9.62,124.07,10,0.56,0.8399999737739563,0.46,0.05,0.84,88.89,40000,70,0.19,0.01
86.46,0.39,0.55,82.3,4.88,139.35,10,0.55,0.8500000238418579,0.36,0.04,0.87,100.0,45000,80,0.18,0.01
