Train Accuracy,Train Loss,Evaluation Loss,Evaluation Accuracy,Query Times,Training Times,Cluster Coverage,Log Loss,Diversity Metrics,Entropy Reduction,MAE,Model Confidence,Data Percentage,Data Count,EPOCHS,Top 1 Error,Top 5 Error
9.93,2.32,2.31,10.58,-1.0,1.55,-1,2.31,-1.0,2.3,0.18,0.12,22.22,10000,10,0.89,0.49
16.02,2.16,1.89,24.08,4.0,2.98,10,1.88,0.009999999776482582,1.88,0.16,0.25,44.44,20000,20,0.76,0.16
33.67,1.72,1.44,46.3,2.87,4.43,10,1.42,0.4099999964237213,1.51,0.14,0.42,66.67,30000,30,0.54,0.07
52.42,1.29,1.07,62.7,1.8,5.89,10,1.04,0.6299999952316284,1.0,0.1,0.63,88.89,40000,40,0.37,0.03
67.72,0.91,0.93,68.04,0.66,6.62,10,0.89,0.7799999713897705,0.83,0.08,0.7,100.0,45000,50,0.32,0.03
