Train Accuracy,Train Loss,Evaluation Loss,Evaluation Accuracy,Query Times,Training Times,Cluster Coverage,Log Loss,Diversity Metrics,Entropy Reduction,MAE,Model Confidence,Data Percentage,Data Count,EPOCHS,Top 1 Error,Top 5 Error
13.18,2.26,2.11,21.12,-1.0,2.45,-1,2.12,-1.0,2.14,0.17,0.2,22.22,10000,10,0.79,0.27
36.87,1.7,1.53,43.32,19.64,3.61,10,1.54,0.18000000715255737,1.53,0.14,0.42,33.33,15000,20,0.57,0.09
46.72,1.43,1.24,54.58,16.88,4.78,10,1.25,0.6000000238418579,1.28,0.12,0.53,44.44,20000,30,0.45,0.05
56.49,1.2,0.9,67.86,14.08,5.94,10,0.91,0.7200000286102295,0.96,0.09,0.65,55.56,25000,40,0.32,0.02
65.39,0.96,0.71,75.54,11.3,7.1,10,0.71,0.8100000023841858,0.8,0.07,0.72,66.67,30000,50,0.24,0.02
73.32,0.74,0.62,78.06,8.5,8.27,10,0.62,0.8399999737739563,0.7,0.06,0.76,77.78,35000,60,0.22,0.01
81.27,0.53,0.51,81.6,5.71,9.43,10,0.51,0.8500000238418579,0.53,0.05,0.81,88.89,40000,70,0.18,0.01
87.13,0.37,0.47,83.6,2.9,10.6,10,0.47,0.8399999737739563,0.4,0.04,0.85,100.0,45000,80,0.16,0.01
