Train Accuracy,Train Loss,Evaluation Loss,Evaluation Accuracy,Query Times,Training Times,Cluster Coverage,Log Loss,Diversity Metrics,Entropy Reduction,MAE,Model Confidence,Data Percentage,Data Count,EPOCHS,Top 1 Error,Top 5 Error
15.93,2.25,2.04,25.88,-1.0,2.45,-1,2.04,-1.0,2.11,0.17,0.22,22.22,10000,10,0.74,0.23
33.81,1.78,1.57,40.96,19.87,3.64,10,1.57,0.23999999463558197,1.62,0.15,0.38,33.33,15000,20,0.59,0.08
46.76,1.46,1.17,57.14,17.01,4.8,10,1.17,0.5299999713897705,1.28,0.12,0.53,44.44,20000,30,0.43,0.04
56.42,1.2,0.97,65.76,14.12,5.94,10,0.97,0.7200000286102295,0.98,0.09,0.64,55.56,25000,40,0.34,0.03
66.15,0.94,0.78,72.5,11.35,7.11,10,0.78,0.8100000023841858,0.75,0.07,0.73,66.67,30000,50,0.28,0.02
74.23,0.72,0.59,78.68,8.52,8.28,10,0.6,0.8500000238418579,0.6,0.06,0.79,77.78,35000,60,0.21,0.01
81.8,0.52,0.58,80.04,5.72,9.42,10,0.58,0.8600000143051147,0.53,0.05,0.81,88.89,40000,70,0.2,0.01
87.7,0.35,0.55,81.44,2.91,10.59,10,0.55,0.8500000238418579,0.41,0.05,0.85,100.0,45000,80,0.19,0.01
