Train Accuracy,Train Loss,Evaluation Loss,Evaluation Accuracy,Query Times,Training Times,Cluster Coverage,Log Loss,Diversity Metrics,Entropy Reduction,MAE,Model Confidence,Data Percentage,Data Count,EPOCHS,Top 1 Error,Top 5 Error
32.31,1.87,1.55,43.04,-1.0,1.52,-1,1.56,-1.0,1.59,0.14,0.41,22.22,10000,10,0.57,0.1
47.04,1.45,1.1,60.38,3.88,2.88,10,1.11,0.5899999737739563,1.15,0.11,0.58,44.44,20000,20,0.4,0.04
59.25,1.13,0.83,71.02,2.87,4.27,10,0.83,0.7599999904632568,0.85,0.08,0.69,66.67,30000,30,0.29,0.02
72.72,0.78,0.68,76.74,1.7,5.67,10,0.68,0.8299999833106995,0.67,0.07,0.76,88.89,40000,40,0.23,0.02
81.79,0.52,0.66,78.1,0.69,6.4,10,0.66,0.8500000238418579,0.51,0.06,0.81,100.0,45000,50,0.22,0.02
