Train Accuracy,Train Loss,Evaluation Loss,Evaluation Accuracy,Query Times,Training Times,Cluster Coverage,Log Loss,Diversity Metrics,Entropy Reduction,MAE,Model Confidence,Data Percentage,Data Count,EPOCHS,Top 1 Error,Top 5 Error
33.26,1.85,1.5,46.2,-1.0,1.52,-1,1.5,-1.0,1.6,0.14,0.41,22.22,10000,10,0.54,0.08
46.71,1.48,1.19,57.24,3.96,2.22,10,1.18,0.5899999737739563,1.25,0.11,0.54,33.33,15000,20,0.43,0.04
54.95,1.26,0.98,65.14,3.42,2.91,10,0.98,0.7300000190734863,0.98,0.09,0.65,44.44,20000,30,0.35,0.03
63.05,1.03,0.81,71.4,2.83,3.62,10,0.81,0.8100000023841858,0.81,0.08,0.71,55.56,25000,40,0.29,0.02
70.65,0.83,0.72,75.02,2.3,4.3,10,0.72,0.8500000238418579,0.66,0.07,0.76,66.67,30000,50,0.25,0.02
78.18,0.62,0.65,76.94,1.72,4.99,10,0.66,0.8600000143051147,0.53,0.06,0.81,77.78,35000,60,0.23,0.01
85.02,0.43,0.65,78.36,1.16,5.71,10,0.66,0.8600000143051147,0.46,0.05,0.83,88.89,40000,70,0.22,0.01
90.15,0.28,0.69,78.4,0.66,6.4,10,0.69,0.8399999737739563,0.38,0.05,0.86,100.0,45000,80,0.22,0.01
