Train Accuracy,Train Loss,Evaluation Loss,Evaluation Accuracy,Query Times,Training Times,Cluster Coverage,Log Loss,Diversity Metrics,Entropy Reduction,MAE,Model Confidence,Data Percentage,Data Count,EPOCHS,Top 1 Error,Top 5 Error
10.19,2.32,2.31,10.86,-1.0,7.32,-1,2.31,-1.0,2.3,0.18,0.12,22.22,10000,10,0.89,0.49
13.48,2.24,2.01,21.9,11.01,11.05,10,2.01,0.009999999776482582,2.06,0.17,0.2,33.33,15000,20,0.78,0.21
31.22,1.73,1.65,34.94,9.22,14.67,10,1.64,0.2800000011920929,1.69,0.15,0.33,44.44,20000,30,0.65,0.11
49.43,1.34,1.4,48.4,7.49,18.15,10,1.38,0.4099999964237213,1.39,0.13,0.48,55.56,25000,40,0.52,0.07
62.74,1.04,1.16,58.6,6.17,21.99,10,1.14,0.44999998807907104,1.01,0.1,0.63,66.67,30000,50,0.41,0.05
71.35,0.81,0.97,65.36,4.61,25.48,10,0.96,0.550000011920929,0.82,0.09,0.7,77.78,35000,60,0.35,0.04
77.36,0.66,0.88,70.22,3.08,29.09,10,0.87,0.6000000238418579,0.67,0.07,0.75,88.89,40000,70,0.3,0.03
80.53,0.57,0.85,73.06,1.65,32.6,10,0.84,0.5799999833106995,0.54,0.07,0.8,100.0,45000,80,0.27,0.03
