Train Accuracy,Train Loss,Evaluation Loss,Evaluation Accuracy,Query Times,Training Times,Cluster Coverage,Log Loss,Diversity Metrics,Entropy Reduction,MAE,Model Confidence,Data Percentage,Data Count,EPOCHS,Top 1 Error,Top 5 Error
10.11,2.33,2.31,10.56,-1.0,7.37,-1,2.31,-1.0,2.3,0.18,0.12,22.22,10000,10,0.89,0.5
13.63,2.25,1.98,22.16,10.54,11.01,10,1.97,0.009999999776482582,2.03,0.17,0.21,33.33,15000,20,0.78,0.19
31.27,1.74,1.66,33.9,9.76,14.46,10,1.65,0.30000001192092896,1.67,0.15,0.34,44.44,20000,30,0.66,0.11
48.78,1.35,1.35,50.32,7.85,18.0,10,1.35,0.4300000071525574,1.38,0.13,0.49,55.56,25000,40,0.5,0.07
62.82,1.05,1.13,59.76,6.54,21.85,10,1.11,0.5199999809265137,1.02,0.1,0.63,66.67,30000,50,0.4,0.04
71.35,0.82,0.99,65.92,4.65,25.39,10,0.98,0.550000011920929,0.79,0.08,0.71,77.78,35000,60,0.34,0.03
76.56,0.68,0.97,69.82,3.33,29.12,10,0.94,0.6100000143051147,0.59,0.07,0.79,88.89,40000,70,0.3,0.03
80.01,0.58,0.88,72.52,1.65,32.34,10,0.86,0.5699999928474426,0.51,0.06,0.81,100.0,45000,80,0.27,0.02
