Train Accuracy,Train Loss,Evaluation Loss,Evaluation Accuracy,Query Times,Training Times,Cluster Coverage,Log Loss,Diversity Metrics,Entropy Reduction,MAE,Model Confidence,Data Percentage,Data Count,EPOCHS,Top 1 Error,Top 5 Error
10.07,2.32,2.31,10.0,-1.0,7.41,-1,2.31,-1.0,2.3,0.18,0.12,22.22,10000,10,0.9,0.49
14.9,2.19,1.91,23.08,10.78,10.99,10,1.9,0.009999999776482582,1.93,0.17,0.23,33.33,15000,20,0.77,0.16
32.27,1.69,1.64,34.94,9.48,14.58,10,1.64,0.36000001430511475,1.72,0.15,0.32,44.44,20000,30,0.65,0.1
48.23,1.36,1.37,47.9,7.67,18.14,10,1.36,0.4000000059604645,1.42,0.13,0.45,55.56,25000,40,0.52,0.06
61.42,1.07,1.09,59.5,6.24,21.87,10,1.08,0.4099999964237213,1.13,0.1,0.58,66.67,30000,50,0.4,0.03
71.55,0.81,0.97,66.1,4.57,25.45,10,0.96,0.49000000953674316,0.83,0.09,0.69,77.78,35000,60,0.34,0.03
77.12,0.66,0.9,69.76,3.37,29.09,10,0.88,0.550000011920929,0.63,0.07,0.77,88.89,40000,70,0.3,0.02
80.76,0.56,0.86,73.14,1.7,32.44,10,0.84,0.550000011920929,0.5,0.06,0.82,100.0,45000,80,0.27,0.02
