Train Accuracy,Train Loss,Evaluation Loss,Evaluation Accuracy,Query Times,Training Times,Cluster Coverage,Log Loss,Diversity Metrics,Entropy Reduction,MAE,Model Confidence,Data Percentage,Data Count,EPOCHS,Top 1 Error,Top 5 Error
10.07,2.32,2.31,10.3,-1.0,7.42,-1,2.31,-1.0,2.3,0.18,0.12,22.22,10000,10,0.9,0.49
13.57,2.24,2.02,21.68,10.98,11.06,10,2.02,0.009999999776482582,1.98,0.17,0.22,33.33,15000,20,0.78,0.22
32.52,1.71,1.61,38.12,9.34,14.7,10,1.6,0.33000001311302185,1.62,0.15,0.36,44.44,20000,30,0.62,0.1
51.45,1.3,1.34,51.06,7.83,18.49,10,1.33,0.46000000834465027,1.28,0.12,0.52,55.56,25000,40,0.49,0.07
64.17,1.0,1.11,59.54,6.39,21.91,10,1.1,0.550000011920929,1.01,0.1,0.62,66.67,30000,50,0.4,0.04
72.44,0.79,1.03,64.34,4.94,25.61,10,1.02,0.550000011920929,0.84,0.09,0.69,77.78,35000,60,0.36,0.04
77.49,0.65,0.92,68.72,3.24,29.29,10,0.9,0.550000011920929,0.68,0.08,0.75,88.89,40000,70,0.31,0.03
80.53,0.57,0.92,71.86,1.6,32.97,10,0.9,0.6000000238418579,0.52,0.07,0.81,100.0,45000,80,0.28,0.03
