Train Accuracy,Train Loss,Evaluation Loss,Evaluation Accuracy,Query Times,Training Times,Cluster Coverage,Log Loss,Diversity Metrics,Entropy Reduction,MAE,Model Confidence,Data Percentage,Data Count,EPOCHS,Top 1 Error,Top 5 Error
12.82,2.27,2.09,23.16,-1.0,2.46,-1,2.09,-1.0,2.13,0.17,0.2,22.22,10000,10,0.77,0.23
36.11,1.72,1.52,46.02,3.92,4.8,10,1.52,0.20000000298023224,1.28,0.13,0.52,44.44,20000,20,0.54,0.08
52.48,1.29,1.17,59.54,2.9,7.14,10,1.17,0.6899999976158142,0.94,0.1,0.66,66.67,30000,30,0.4,0.05
67.53,0.91,0.76,72.98,1.78,9.49,10,0.76,0.7900000214576721,0.67,0.07,0.76,88.89,40000,40,0.27,0.02
78.46,0.62,0.62,78.46,0.65,10.67,10,0.62,0.7900000214576721,0.54,0.06,0.81,100.0,45000,50,0.22,0.01
