Train Accuracy,Train Loss,Evaluation Loss,Evaluation Accuracy,Query Times,Training Times,Cluster Coverage,Log Loss,Diversity Metrics,Entropy Reduction,MAE,Model Confidence,Data Percentage,Data Count,EPOCHS,Top 1 Error,Top 5 Error
10.3,2.32,2.31,10.32,-1.0,1.57,-1,2.31,-1.0,2.3,0.18,0.12,22.22,10000,10,0.9,0.49
20.28,2.05,1.82,28.4,3.99,2.99,10,1.81,0.009999999776482582,1.84,0.16,0.29,44.44,20000,20,0.72,0.14
43.19,1.5,1.48,44.34,2.85,4.47,10,1.47,0.4399999976158142,1.43,0.13,0.46,66.67,30000,30,0.56,0.08
57.38,1.17,1.06,62.12,1.74,5.89,10,1.04,0.5099999904632568,1.04,0.1,0.61,88.89,40000,40,0.38,0.03
68.58,0.89,0.9,68.0,0.67,6.62,10,0.88,0.5,0.74,0.08,0.73,100.0,45000,50,0.32,0.02
