Train Accuracy,Train Loss,Evaluation Loss,Evaluation Accuracy,Query Times,Training Times,Cluster Coverage,Log Loss,Diversity Metrics,Entropy Reduction,MAE,Model Confidence,Data Percentage,Data Count,EPOCHS,Top 1 Error,Top 5 Error
14.46,2.26,2.06,24.6,-1.0,31.14,-1,2.05,-1.0,2.07,0.17,0.22,22.22,10000,10,0.75,0.22
33.23,1.79,1.52,43.72,33.07,46.7,10,1.53,0.25,1.49,0.14,0.44,33.33,15000,20,0.56,0.08
46.35,1.46,1.17,57.68,28.4,62.34,10,1.17,0.6299999952316284,1.1,0.11,0.6,44.44,20000,30,0.42,0.04
55.88,1.21,0.91,67.46,23.26,77.7,10,0.91,0.7599999904632568,0.87,0.09,0.69,55.56,25000,40,0.33,0.02
65.95,0.94,0.8,72.6,18.83,92.87,10,0.8,0.8199999928474426,0.62,0.07,0.78,66.67,30000,50,0.27,0.02
74.26,0.72,0.61,78.96,14.34,108.86,10,0.61,0.8500000238418579,0.51,0.05,0.82,77.78,35000,60,0.21,0.01
81.75,0.52,0.54,81.98,9.12,123.92,10,0.54,0.8500000238418579,0.42,0.05,0.85,88.89,40000,70,0.18,0.01
87.69,0.35,0.5,83.38,4.84,139.76,10,0.5,0.8399999737739563,0.36,0.04,0.87,100.0,45000,80,0.17,0.01
