Train Accuracy,Train Loss,Evaluation Loss,Evaluation Accuracy,Query Times,Training Times,Cluster Coverage,Log Loss,Diversity Metrics,Entropy Reduction,MAE,Model Confidence,Data Percentage,Data Count,EPOCHS,Top 1 Error,Top 5 Error
14.99,2.25,2.08,24.28,-1.0,31.2,-1,2.08,-1.0,1.94,0.17,0.28,22.22,10000,10,0.76,0.23
32.14,1.8,1.57,43.6,33.4,46.65,10,1.56,0.36000001430511475,1.4,0.14,0.47,33.33,15000,20,0.56,0.09
45.28,1.47,1.21,55.66,28.63,62.23,10,1.2,0.6700000166893005,1.15,0.11,0.57,44.44,20000,30,0.44,0.05
55.5,1.21,0.89,68.54,24.08,77.49,10,0.89,0.75,0.88,0.09,0.68,55.56,25000,40,0.31,0.02
65.51,0.95,0.7,75.0,19.06,92.85,10,0.7,0.8100000023841858,0.68,0.07,0.76,66.67,30000,50,0.25,0.01
73.8,0.73,0.57,80.0,13.9,108.66,10,0.57,0.8500000238418579,0.52,0.05,0.82,77.78,35000,60,0.2,0.01
81.92,0.52,0.54,81.96,9.73,124.18,10,0.54,0.8600000143051147,0.41,0.05,0.85,88.89,40000,70,0.18,0.01
87.86,0.35,0.53,83.16,4.66,139.45,10,0.54,0.8299999833106995,0.3,0.04,0.89,100.0,45000,80,0.17,0.01
