Train Accuracy,Train Loss,Evaluation Loss,Evaluation Accuracy,Query Times,Training Times,Cluster Coverage,Log Loss,Diversity Metrics,Entropy Reduction,MAE,Model Confidence,Data Percentage,Data Count,EPOCHS,Top 1 Error,Top 5 Error
68.44,0.88,1.45,58.56,-1.0,6.52,-1,1.46,-1.0,0.59,0.09,0.79,22.22,10000,10,0.41,0.05
91.57,0.26,1.19,69.28,8.05,9.73,10,1.2,0.8199999928474426,0.38,0.07,0.86,33.33,15000,20,0.31,0.03
96.12,0.13,1.07,73.34,6.86,12.92,10,1.08,0.8600000143051147,0.31,0.06,0.89,44.44,20000,30,0.27,0.02
97.29,0.09,0.96,75.34,5.78,16.14,10,0.97,0.8700000047683716,0.28,0.05,0.9,55.56,25000,40,0.25,0.02
98.0,0.07,0.88,78.42,4.65,19.34,10,0.89,0.8700000047683716,0.25,0.05,0.91,66.67,30000,50,0.22,0.02
98.33,0.06,0.84,79.6,3.51,22.53,10,0.84,0.8799999952316284,0.23,0.04,0.92,77.78,35000,60,0.2,0.02
98.58,0.05,0.78,80.7,2.39,25.73,10,0.79,0.8799999952316284,0.22,0.04,0.92,88.89,40000,70,0.19,0.01
98.67,0.05,0.74,81.7,1.23,28.95,10,0.74,0.8799999952316284,0.2,0.04,0.92,100.0,45000,80,0.18,0.01
