Train Accuracy,Train Loss,Evaluation Loss,Evaluation Accuracy,Query Times,Training Times,Cluster Coverage,Log Loss,Diversity Metrics,Entropy Reduction,MAE,Model Confidence,Data Percentage,Data Count,EPOCHS,Top 1 Error,Top 5 Error
69.2,0.87,1.58,54.04,-1.0,6.53,-1,1.57,-1.0,0.68,0.1,0.75,22.22,10000,10,0.46,0.06
91.62,0.26,1.31,67.4,8.07,9.75,10,1.29,0.800000011920929,0.39,0.07,0.86,33.33,15000,20,0.33,0.03
96.12,0.13,1.12,72.36,6.95,12.94,10,1.1,0.8600000143051147,0.32,0.06,0.88,44.44,20000,30,0.28,0.03
97.4,0.09,1.02,75.46,5.82,16.16,10,0.99,0.8700000047683716,0.28,0.05,0.9,55.56,25000,40,0.25,0.02
98.01,0.07,0.95,76.68,4.65,19.35,10,0.94,0.8700000047683716,0.26,0.05,0.9,66.67,30000,50,0.23,0.02
98.39,0.06,0.86,79.14,3.51,22.59,10,0.85,0.8799999952316284,0.24,0.04,0.91,77.78,35000,60,0.21,0.02
98.67,0.05,0.83,80.18,2.38,25.73,10,0.83,0.8799999952316284,0.22,0.04,0.92,88.89,40000,70,0.2,0.01
98.53,0.05,0.79,81.16,1.24,28.95,10,0.79,0.8799999952316284,0.2,0.04,0.92,100.0,45000,80,0.19,0.01
