Train Accuracy,Train Loss,Evaluation Loss,Evaluation Accuracy,Query Times,Training Times,Cluster Coverage,Log Loss,Diversity Metrics,Entropy Reduction,MAE,Model Confidence,Data Percentage,Data Count,EPOCHS,Top 1 Error,Top 5 Error
68.75,0.89,1.62,55.64,-1.0,6.55,-1,1.62,-1.0,0.59,0.09,0.78,22.22,10000,10,0.44,0.05
90.36,0.3,1.16,69.82,8.11,9.77,10,1.17,0.800000011920929,0.37,0.07,0.86,33.33,15000,20,0.3,0.03
94.29,0.18,0.97,75.34,6.97,12.95,10,0.98,0.8600000143051147,0.28,0.05,0.9,44.44,20000,30,0.25,0.02
95.7,0.14,0.9,78.4,5.8,16.15,10,0.91,0.8799999952316284,0.25,0.05,0.91,55.56,25000,40,0.22,0.02
97.23,0.09,0.79,80.8,4.66,19.34,10,0.79,0.8899999856948853,0.22,0.04,0.92,66.67,30000,50,0.19,0.02
98.85,0.04,0.74,81.84,3.49,22.55,10,0.75,0.8899999856948853,0.2,0.04,0.93,77.78,35000,60,0.18,0.02
99.85,0.01,0.72,82.78,2.36,25.75,10,0.72,0.8799999952316284,0.19,0.04,0.93,88.89,40000,70,0.17,0.01
99.99,0.0,0.73,82.8,1.24,29.0,10,0.73,0.8700000047683716,0.2,0.04,0.93,100.0,45000,80,0.17,0.01
