Train Accuracy,Train Loss,Evaluation Loss,Evaluation Accuracy,Query Times,Training Times,Cluster Coverage,Log Loss,Diversity Metrics,Entropy Reduction,MAE,Model Confidence,Data Percentage,Data Count,EPOCHS,Top 1 Error,Top 5 Error
68.02,0.9,2.02,48.34,-1.0,6.54,-1,2.03,-1.0,0.59,0.11,0.79,22.22,10000,10,0.52,0.07
90.05,0.31,1.23,68.38,8.05,9.74,10,1.23,0.7699999809265137,0.4,0.07,0.85,33.33,15000,20,0.32,0.03
94.15,0.19,1.06,73.76,6.89,12.95,10,1.05,0.8600000143051147,0.3,0.06,0.89,44.44,20000,30,0.26,0.02
95.74,0.14,0.92,77.7,5.82,16.13,10,0.92,0.8799999952316284,0.26,0.05,0.9,55.56,25000,40,0.22,0.02
97.01,0.1,0.81,80.54,4.65,19.34,10,0.81,0.8899999856948853,0.22,0.04,0.92,66.67,30000,50,0.19,0.01
98.7,0.05,0.8,81.54,3.49,22.57,10,0.8,0.8899999856948853,0.2,0.04,0.93,77.78,35000,60,0.18,0.01
99.79,0.01,0.81,81.78,2.35,25.78,10,0.81,0.8799999952316284,0.19,0.04,0.93,88.89,40000,70,0.18,0.02
99.98,0.0,0.83,81.02,1.23,29.03,10,0.83,0.8700000047683716,0.2,0.04,0.93,100.0,45000,80,0.19,0.02
