Train Accuracy,Train Loss,Evaluation Loss,Evaluation Accuracy,Query Times,Training Times,Cluster Coverage,Log Loss,Diversity Metrics,Entropy Reduction,MAE,Model Confidence,Data Percentage,Data Count,EPOCHS,Top 1 Error,Top 5 Error
12.79,2.28,2.15,21.24,-1.0,31.18,-1,2.14,-1.0,2.18,0.17,0.17,22.22,10000,10,0.79,0.25
35.46,1.74,1.6,42.04,33.38,46.83,10,1.6,0.11999999731779099,1.37,0.14,0.49,33.33,15000,20,0.58,0.1
50.01,1.36,1.23,54.84,29.11,62.1,10,1.23,0.6399999856948853,1.15,0.11,0.58,44.44,20000,30,0.45,0.05
61.12,1.08,0.96,65.26,24.24,77.59,10,0.96,0.7300000190734863,0.9,0.09,0.68,55.56,25000,40,0.35,0.02
70.24,0.84,0.77,73.16,19.11,93.0,10,0.77,0.7799999713897705,0.64,0.07,0.77,66.67,30000,50,0.27,0.02
76.83,0.65,0.65,77.22,14.16,108.51,10,0.65,0.8199999928474426,0.55,0.06,0.8,77.78,35000,60,0.23,0.01
81.48,0.53,0.59,80.08,9.39,124.19,10,0.59,0.8399999737739563,0.47,0.05,0.83,88.89,40000,70,0.2,0.01
85.29,0.42,0.52,83.3,4.94,139.78,10,0.52,0.8500000238418579,0.37,0.04,0.87,100.0,45000,80,0.17,0.01
