Train Accuracy,Train Loss,Evaluation Loss,Evaluation Accuracy,Query Times,Training Times,Cluster Coverage,Log Loss,Diversity Metrics,Entropy Reduction,MAE,Model Confidence,Data Percentage,Data Count,EPOCHS,Top 1 Error,Top 5 Error
14.32,2.25,2.02,24.96,-1.0,31.15,-1,2.02,-1.0,1.91,0.17,0.3,22.22,10000,10,0.75,0.23
37.23,1.69,1.48,45.44,32.49,46.4,10,1.49,0.38999998569488525,1.46,0.14,0.45,33.33,15000,20,0.55,0.08
50.95,1.34,1.27,55.06,28.43,62.12,10,1.28,0.6399999856948853,1.14,0.11,0.58,44.44,20000,30,0.45,0.05
62.68,1.04,0.93,66.68,24.22,77.67,10,0.93,0.7099999785423279,0.84,0.09,0.7,55.56,25000,40,0.33,0.03
71.21,0.81,0.75,73.3,19.32,92.47,10,0.76,0.800000011920929,0.61,0.07,0.78,66.67,30000,50,0.27,0.02
77.34,0.64,0.62,78.12,14.34,108.06,10,0.62,0.8299999833106995,0.54,0.06,0.81,77.78,35000,60,0.22,0.01
82.09,0.51,0.54,81.94,9.23,123.96,10,0.55,0.8399999737739563,0.43,0.05,0.85,88.89,40000,70,0.18,0.01
85.91,0.41,0.5,83.52,4.76,139.71,10,0.5,0.8600000143051147,0.35,0.04,0.87,100.0,45000,80,0.16,0.01
