Train Accuracy,Train Loss,Evaluation Loss,Evaluation Accuracy,Query Times,Training Times,Cluster Coverage,Log Loss,Diversity Metrics,Entropy Reduction,MAE,Model Confidence,Data Percentage,Data Count,EPOCHS,Top 1 Error,Top 5 Error
11.68,2.29,2.11,22.82,-1.0,2.46,-1,2.11,-1.0,2.2,0.17,0.17,22.22,10000,10,0.77,0.27
36.78,1.7,1.49,44.58,19.79,3.6,10,1.49,0.15000000596046448,1.58,0.14,0.41,33.33,15000,20,0.55,0.08
50.92,1.33,1.2,56.44,16.91,4.76,10,1.19,0.5899999737739563,1.3,0.12,0.52,44.44,20000,30,0.44,0.04
62.13,1.05,0.98,66.08,14.15,5.93,10,0.98,0.6899999976158142,1.04,0.1,0.62,55.56,25000,40,0.34,0.03
71.54,0.81,0.76,73.64,11.31,7.08,10,0.76,0.75,0.79,0.07,0.72,66.67,30000,50,0.26,0.02
77.84,0.63,0.63,78.16,8.53,8.27,10,0.63,0.800000011920929,0.61,0.06,0.78,77.78,35000,60,0.22,0.01
82.58,0.5,0.53,82.08,5.72,9.41,10,0.53,0.8299999833106995,0.52,0.05,0.81,88.89,40000,70,0.18,0.01
86.26,0.39,0.5,83.34,2.92,10.59,10,0.5,0.8500000238418579,0.47,0.05,0.83,100.0,45000,80,0.17,0.01
