Train Accuracy,Train Loss,Evaluation Loss,Evaluation Accuracy,Query Times,Training Times,Cluster Coverage,Log Loss,Diversity Metrics,Entropy Reduction,MAE,Model Confidence,Data Percentage,Data Count,EPOCHS,Top 1 Error,Top 5 Error
12.91,2.28,2.16,20.46,-1.0,2.45,-1,2.15,-1.0,2.18,0.17,0.16,22.22,10000,10,0.8,0.26
35.31,1.74,1.5,43.42,19.85,3.61,10,1.5,0.10999999940395355,1.56,0.14,0.42,33.33,15000,20,0.57,0.08
49.76,1.37,1.22,54.34,16.95,4.79,10,1.22,0.6000000238418579,1.26,0.12,0.54,44.44,20000,30,0.46,0.05
60.94,1.08,0.96,65.68,14.17,5.98,10,0.96,0.699999988079071,1.02,0.09,0.63,55.56,25000,40,0.34,0.03
70.11,0.84,0.77,73.38,11.35,7.15,10,0.77,0.75,0.85,0.08,0.7,66.67,30000,50,0.27,0.02
76.83,0.66,0.62,77.96,8.56,8.31,10,0.62,0.800000011920929,0.63,0.06,0.78,77.78,35000,60,0.22,0.01
81.4,0.53,0.55,81.22,5.73,9.49,10,0.55,0.8299999833106995,0.57,0.05,0.8,88.89,40000,70,0.19,0.01
85.26,0.42,0.51,82.86,2.93,10.67,10,0.51,0.8399999737739563,0.43,0.05,0.85,100.0,45000,80,0.17,0.01
