Train Accuracy,Train Loss,Evaluation Loss,Evaluation Accuracy,Query Times,Training Times,Cluster Coverage,Log Loss,Diversity Metrics,Entropy Reduction,MAE,Model Confidence,Data Percentage,Data Count,EPOCHS,Top 1 Error,Top 5 Error
15.15,2.26,2.08,23.96,-1.0,2.48,-1,2.08,-1.0,2.14,0.17,0.2,22.22,10000,10,0.76,0.23
34.24,1.77,1.53,44.08,19.91,3.63,10,1.53,0.1899999976158142,1.59,0.14,0.41,33.33,15000,20,0.56,0.09
49.69,1.37,1.23,55.1,17.0,4.8,10,1.23,0.5799999833106995,1.2,0.11,0.56,44.44,20000,30,0.45,0.05
61.57,1.06,0.94,66.48,14.17,6.01,10,0.94,0.7099999785423279,1.0,0.09,0.64,55.56,25000,40,0.34,0.03
70.58,0.83,0.86,69.88,11.45,7.16,10,0.86,0.7699999809265137,0.81,0.08,0.7,66.67,30000,50,0.3,0.02
77.01,0.65,0.66,76.66,8.53,8.36,10,0.66,0.7799999713897705,0.66,0.06,0.76,77.78,35000,60,0.23,0.01
81.68,0.52,0.56,80.76,5.75,9.48,10,0.56,0.8199999928474426,0.52,0.05,0.81,88.89,40000,70,0.19,0.01
85.36,0.42,0.59,80.46,2.93,10.67,10,0.58,0.8399999737739563,0.49,0.05,0.82,100.0,45000,80,0.2,0.01
