Train Accuracy,Train Loss,Evaluation Loss,Evaluation Accuracy,Query Times,Training Times,Cluster Coverage,Log Loss,Diversity Metrics,Entropy Reduction,MAE,Model Confidence,Data Percentage,Data Count,EPOCHS,Top 1 Error,Top 5 Error
14.38,2.25,2.01,24.42,-1.0,2.44,-1,2.02,-1.0,2.02,0.17,0.25,22.22,10000,10,0.76,0.23
36.8,1.69,1.5,43.98,19.77,3.61,10,1.5,0.3100000023841858,1.6,0.14,0.4,33.33,15000,20,0.56,0.08
50.68,1.34,1.15,57.88,16.96,4.77,10,1.16,0.5799999833106995,1.25,0.11,0.54,44.44,20000,30,0.42,0.04
62.5,1.05,0.91,67.38,14.14,5.94,10,0.91,0.7099999785423279,1.02,0.09,0.63,55.56,25000,40,0.33,0.02
71.11,0.82,0.74,73.66,11.37,7.09,10,0.75,0.7599999904632568,0.79,0.07,0.72,66.67,30000,50,0.26,0.02
77.38,0.64,0.64,77.48,8.53,8.29,10,0.64,0.8100000023841858,0.67,0.06,0.76,77.78,35000,60,0.23,0.01
82.17,0.51,0.54,80.92,5.73,9.44,10,0.55,0.8199999928474426,0.54,0.05,0.81,88.89,40000,70,0.19,0.01
85.86,0.41,0.5,82.66,2.91,10.64,10,0.51,0.8399999737739563,0.46,0.05,0.84,100.0,45000,80,0.17,0.01
