Train Accuracy,Train Loss,Evaluation Loss,Evaluation Accuracy,Query Times,Training Times,Cluster Coverage,Log Loss,Diversity Metrics,Entropy Reduction,MAE,Model Confidence,Data Percentage,Data Count,EPOCHS,Top 1 Error,Top 5 Error
13.36,2.27,2.11,25.4,-1.0,31.06,-1,2.11,-1.0,2.18,0.17,0.18,22.22,10000,10,0.75,0.24
39.38,1.64,1.53,43.72,258.12,46.63,10,1.53,0.15000000596046448,1.61,0.14,0.4,33.33,15000,20,0.56,0.09
58.41,1.16,1.22,55.5,220.99,62.04,10,1.23,0.5199999809265137,1.31,0.12,0.52,44.44,20000,30,0.44,0.05
70.17,0.85,1.0,63.56,184.96,77.33,10,1.01,0.5899999737739563,1.07,0.1,0.61,55.56,25000,40,0.36,0.03
76.85,0.67,0.84,69.2,147.71,92.23,10,0.84,0.5899999737739563,0.9,0.08,0.68,66.67,30000,50,0.31,0.02
80.8,0.56,0.73,74.06,110.28,108.25,10,0.73,0.5899999737739563,0.67,0.07,0.76,77.78,35000,60,0.26,0.02
82.7,0.5,0.6,78.7,73.67,123.43,10,0.6,0.6299999952316284,0.6,0.06,0.78,88.89,40000,70,0.21,0.01
83.01,0.48,0.54,80.86,37.01,139.04,10,0.54,0.5199999809265137,0.51,0.05,0.82,100.0,45000,80,0.19,0.01
