Train Accuracy,Train Loss,Evaluation Loss,Evaluation Accuracy,Query Times,Training Times,Cluster Coverage,Log Loss,Diversity Metrics,Entropy Reduction,MAE,Model Confidence,Data Percentage,Data Count,EPOCHS,Top 1 Error,Top 5 Error
14.74,2.26,2.03,23.46,-1.0,31.09,-1,2.02,-1.0,2.07,0.17,0.22,22.22,10000,10,0.77,0.24
40.87,1.6,1.47,45.16,258.65,46.59,10,1.47,0.25999999046325684,1.59,0.14,0.41,33.33,15000,20,0.55,0.07
59.57,1.12,1.2,55.84,220.65,61.94,10,1.2,0.5299999713897705,1.27,0.12,0.53,44.44,20000,30,0.44,0.04
70.78,0.84,0.98,63.86,184.82,77.3,10,0.98,0.5799999833106995,1.08,0.1,0.61,55.56,25000,40,0.36,0.03
77.06,0.66,0.81,70.66,147.78,92.58,10,0.82,0.5799999833106995,0.92,0.08,0.67,66.67,30000,50,0.29,0.02
81.02,0.55,0.71,74.16,110.3,108.42,10,0.72,0.5699999928474426,0.7,0.07,0.75,77.78,35000,60,0.26,0.01
82.81,0.5,0.57,79.62,73.9,123.85,10,0.58,0.5699999928474426,0.59,0.06,0.79,88.89,40000,70,0.2,0.01
83.21,0.48,0.51,81.66,36.99,139.09,10,0.52,0.5899999737739563,0.52,0.05,0.82,100.0,45000,80,0.18,0.01
