Train Accuracy,Train Loss,Evaluation Loss,Evaluation Accuracy,Query Times,Training Times,Cluster Coverage,Log Loss,Diversity Metrics,Entropy Reduction,MAE,Model Confidence,Data Percentage,Data Count,EPOCHS,Top 1 Error,Top 5 Error
13.41,2.26,2.1,23.44,-1.0,31.04,-1,2.1,-1.0,2.16,0.17,0.18,22.22,10000,10,0.77,0.23
39.43,1.63,1.54,43.54,258.58,46.58,10,1.54,0.1599999964237213,1.63,0.14,0.39,33.33,15000,20,0.56,0.09
58.71,1.17,1.2,55.84,222.54,62.17,10,1.21,0.5099999904632568,1.3,0.12,0.53,44.44,20000,30,0.44,0.05
70.61,0.86,1.0,64.24,183.98,77.43,10,1.01,0.6100000143051147,1.02,0.1,0.63,55.56,25000,40,0.36,0.04
76.58,0.68,0.82,70.66,147.73,92.75,10,0.82,0.6399999856948853,0.89,0.08,0.68,66.67,30000,50,0.29,0.03
80.75,0.56,0.69,75.6,109.64,108.0,10,0.7,0.6000000238418579,0.72,0.07,0.74,77.78,35000,60,0.24,0.02
82.93,0.5,0.64,76.88,73.87,123.57,10,0.64,0.6100000143051147,0.57,0.06,0.79,88.89,40000,70,0.23,0.01
83.94,0.45,0.57,80.3,36.58,138.8,10,0.57,0.5899999737739563,0.55,0.05,0.81,100.0,45000,80,0.2,0.01
