Train Accuracy,Train Loss,Evaluation Loss,Evaluation Accuracy,Query Times,Training Times,Cluster Coverage,Log Loss,Diversity Metrics,Entropy Reduction,MAE,Model Confidence,Data Percentage,Data Count,EPOCHS,Top 1 Error,Top 5 Error
32.05,1.86,1.49,46.32,-1.0,1.53,-1,1.49,-1.0,1.62,0.14,0.4,22.22,10000,10,0.54,0.08
47.3,1.47,1.1,61.4,3.94,2.89,10,1.1,0.5799999833106995,1.17,0.11,0.58,44.44,20000,20,0.39,0.03
59.74,1.13,0.83,71.3,2.83,4.28,10,0.83,0.7699999809265137,0.9,0.08,0.68,66.67,30000,30,0.29,0.02
73.25,0.76,0.68,77.04,1.73,5.65,10,0.67,0.8299999833106995,0.63,0.06,0.78,88.89,40000,40,0.23,0.02
81.97,0.52,0.63,78.94,0.64,6.39,10,0.63,0.8299999833106995,0.52,0.06,0.81,100.0,45000,50,0.21,0.01
