Train Accuracy,Train Loss,Evaluation Loss,Evaluation Accuracy,Query Times,Training Times,Cluster Coverage,Log Loss,Diversity Metrics,Entropy Reduction,MAE,Model Confidence,Data Percentage,Data Count,EPOCHS,Top 1 Error,Top 5 Error
69.54,0.85,1.37,62.42,-1.0,4.63,-1,1.37,-1.0,0.51,0.08,0.82,22.22,10000,10,0.38,0.04
89.9,0.3,1.13,71.78,6.04,6.89,10,1.12,0.8299999833106995,0.32,0.06,0.88,33.33,15000,20,0.28,0.03
95.17,0.15,1.04,75.68,5.19,9.14,10,1.04,0.8600000143051147,0.24,0.05,0.91,44.44,20000,30,0.24,0.02
96.69,0.1,1.05,76.9,4.33,11.42,10,1.06,0.8799999952316284,0.21,0.05,0.92,55.56,25000,40,0.23,0.02
97.51,0.08,0.91,80.14,3.53,13.66,10,0.9,0.8799999952316284,0.18,0.04,0.93,66.67,30000,50,0.2,0.02
97.94,0.07,0.86,81.48,2.63,15.92,10,0.86,0.8799999952316284,0.16,0.04,0.94,77.78,35000,60,0.19,0.02
98.26,0.06,0.76,83.04,1.82,18.14,10,0.76,0.8799999952316284,0.16,0.04,0.94,88.89,40000,70,0.17,0.01
98.35,0.05,0.72,84.02,0.96,20.41,10,0.73,0.8899999856948853,0.14,0.03,0.95,100.0,45000,80,0.16,0.01
