Train Accuracy,Train Loss,Evaluation Loss,Evaluation Accuracy,Query Times,Training Times,Cluster Coverage,Log Loss,Diversity Metrics,Entropy Reduction,MAE,Model Confidence,Data Percentage,Data Count,EPOCHS,Top 1 Error,Top 5 Error
69.8,0.85,1.27,64.56,-1.0,4.69,-1,1.27,-1.0,0.49,0.08,0.82,22.22,10000,10,0.35,0.04
89.45,0.31,1.18,70.34,6.19,6.97,10,1.18,0.8500000238418579,0.32,0.06,0.88,33.33,15000,20,0.3,0.03
95.04,0.15,0.99,76.3,5.3,9.24,10,0.98,0.8700000047683716,0.24,0.05,0.91,44.44,20000,30,0.24,0.02
96.72,0.1,1.0,77.84,4.48,11.5,10,1.0,0.8799999952316284,0.2,0.05,0.93,55.56,25000,40,0.22,0.02
97.57,0.08,0.9,79.12,3.55,13.78,10,0.91,0.8799999952316284,0.2,0.04,0.93,66.67,30000,50,0.21,0.01
98.0,0.06,0.83,81.1,2.7,16.07,10,0.84,0.8799999952316284,0.17,0.04,0.94,77.78,35000,60,0.19,0.01
98.24,0.06,0.82,81.54,1.86,18.34,10,0.82,0.8799999952316284,0.16,0.04,0.94,88.89,40000,70,0.18,0.02
98.23,0.06,0.78,82.66,0.96,20.65,10,0.77,0.8899999856948853,0.15,0.04,0.94,100.0,45000,80,0.17,0.01
