Train Accuracy,Train Loss,Evaluation Loss,Evaluation Accuracy,Query Times,Training Times,Cluster Coverage,Log Loss,Diversity Metrics,Entropy Reduction,MAE,Model Confidence,Data Percentage,Data Count,EPOCHS,Top 1 Error,Top 5 Error
34.11,1.83,1.48,47.6,-1.0,1.49,-1,1.48,-1.0,1.6,0.14,0.41,22.22,10000,10,0.52,0.09
49.0,1.4,1.15,59.14,3.94,2.24,10,1.15,0.5899999737739563,1.26,0.11,0.55,33.33,15000,20,0.41,0.05
57.99,1.16,0.95,67.08,3.41,2.91,10,0.95,0.7200000286102295,0.95,0.09,0.66,44.44,20000,30,0.33,0.03
65.39,0.96,0.78,73.3,2.89,3.6,10,0.78,0.800000011920929,0.81,0.08,0.71,55.56,25000,40,0.27,0.02
71.67,0.79,0.68,77.12,2.3,4.29,10,0.68,0.8399999737739563,0.6,0.06,0.79,66.67,30000,50,0.23,0.01
78.77,0.6,0.68,77.98,1.71,4.97,10,0.68,0.8700000047683716,0.48,0.06,0.83,77.78,35000,60,0.22,0.02
85.68,0.41,0.65,78.96,1.17,5.73,10,0.65,0.8700000047683716,0.42,0.05,0.85,88.89,40000,70,0.21,0.01
90.55,0.27,0.69,79.82,0.68,6.38,10,0.69,0.8600000143051147,0.35,0.05,0.87,100.0,45000,80,0.2,0.01
