Train Accuracy,Train Loss,Evaluation Loss,Evaluation Accuracy,Query Times,Training Times,Cluster Coverage,Log Loss,Diversity Metrics,Entropy Reduction,MAE,Model Confidence,Data Percentage,Data Count,EPOCHS,Top 1 Error,Top 5 Error
11.68,2.29,2.21,18.14,-1.0,31.17,-1,2.21,-1.0,2.24,0.18,0.14,22.22,10000,10,0.82,0.29
31.14,1.84,1.56,42.48,257.58,46.38,10,1.56,0.05999999865889549,1.63,0.14,0.38,33.33,15000,20,0.58,0.09
44.02,1.52,1.21,55.7,221.75,61.84,10,1.21,0.5699999928474426,1.25,0.12,0.54,44.44,20000,30,0.44,0.04
54.74,1.24,0.99,64.62,185.32,77.59,10,0.99,0.7400000095367432,1.03,0.1,0.63,55.56,25000,40,0.35,0.03
65.12,0.97,0.77,73.42,146.85,92.91,10,0.76,0.800000011920929,0.84,0.08,0.7,66.67,30000,50,0.27,0.02
73.68,0.74,0.63,77.72,109.99,108.27,10,0.63,0.8299999833106995,0.64,0.06,0.77,77.78,35000,60,0.22,0.01
81.5,0.53,0.55,80.94,73.55,123.77,10,0.55,0.8500000238418579,0.47,0.05,0.83,88.89,40000,70,0.19,0.01
87.58,0.35,0.52,82.42,36.78,139.12,10,0.52,0.8399999737739563,0.42,0.05,0.85,100.0,45000,80,0.18,0.01
