Train Accuracy,Train Loss,Evaluation Loss,Evaluation Accuracy,Query Times,Training Times,Cluster Coverage,Log Loss,Diversity Metrics,Entropy Reduction,MAE,Model Confidence,Data Percentage,Data Count,EPOCHS,Top 1 Error,Top 5 Error
10.16,2.32,2.31,10.7,-1.0,7.37,-1,2.3,-1.0,2.3,0.18,0.12,22.22,10000,10,0.89,0.49
17.2,2.14,1.88,25.36,11.2,11.07,10,1.87,0.009999999776482582,1.9,0.16,0.25,33.33,15000,20,0.75,0.16
30.24,1.81,1.59,40.52,9.48,14.73,10,1.58,0.4000000059604645,1.59,0.14,0.39,44.44,20000,30,0.59,0.09
43.73,1.5,1.29,52.3,8.1,18.48,10,1.27,0.6000000238418579,1.21,0.12,0.53,55.56,25000,40,0.48,0.05
54.7,1.25,1.07,60.78,6.33,21.99,10,1.05,0.7300000190734863,0.97,0.1,0.64,66.67,30000,50,0.39,0.03
64.11,1.0,0.93,67.84,4.93,25.55,10,0.92,0.800000011920929,0.73,0.08,0.73,77.78,35000,60,0.32,0.02
74.03,0.74,0.89,71.04,3.39,29.06,10,0.87,0.8399999737739563,0.59,0.07,0.78,88.89,40000,70,0.29,0.02
83.9,0.48,0.95,72.18,1.69,32.97,10,0.92,0.8399999737739563,0.44,0.06,0.84,100.0,45000,80,0.28,0.02
