Train Accuracy,Train Loss,Evaluation Loss,Evaluation Accuracy,Query Times,Training Times,Cluster Coverage,Log Loss,Diversity Metrics,Entropy Reduction,MAE,Model Confidence,Data Percentage,Data Count,EPOCHS,Top 1 Error,Top 5 Error
10.05,2.32,2.31,9.7,-1.0,7.34,-1,2.31,-1.0,2.3,0.18,0.12,22.22,10000,10,0.9,0.5
10.88,2.3,2.24,15.22,11.01,11.03,10,2.24,0.009999999776482582,2.28,0.18,0.13,33.33,15000,20,0.85,0.36
24.26,1.91,1.8,30.24,9.51,14.67,10,1.78,0.029999999329447746,1.74,0.16,0.31,44.44,20000,30,0.7,0.13
36.19,1.67,1.37,48.34,8.1,18.34,10,1.35,0.49000000953674316,1.41,0.13,0.46,55.56,25000,40,0.52,0.05
50.36,1.35,1.09,61.2,6.37,21.8,10,1.07,0.6800000071525574,1.12,0.1,0.59,66.67,30000,50,0.39,0.03
61.68,1.07,0.93,67.28,5.03,25.19,10,0.9,0.7699999809265137,0.83,0.08,0.7,77.78,35000,60,0.33,0.02
71.91,0.8,0.87,69.9,3.18,28.75,10,0.85,0.8199999928474426,0.69,0.07,0.75,88.89,40000,70,0.3,0.02
82.03,0.53,0.9,72.6,1.68,32.79,10,0.87,0.8199999928474426,0.5,0.06,0.82,100.0,45000,80,0.27,0.02
