Train Accuracy,Train Loss,Evaluation Loss,Evaluation Accuracy,Query Times,Training Times,Cluster Coverage,Log Loss,Diversity Metrics,Entropy Reduction,MAE,Model Confidence,Data Percentage,Data Count,EPOCHS,Top 1 Error,Top 5 Error
18.32,2.19,1.95,31.36,-1.0,1.51,-1,1.95,-1.0,1.97,0.16,0.27,22.22,10000,10,0.69,0.19
38.48,1.7,1.49,46.24,4.21,2.26,10,1.49,0.3499999940395355,1.5,0.14,0.45,33.33,15000,20,0.54,0.08
45.84,1.47,1.37,51.42,3.56,3.05,10,1.37,0.6299999952316284,1.32,0.12,0.52,44.44,20000,30,0.49,0.06
51.34,1.33,1.19,57.72,3.1,3.69,10,1.19,0.7099999785423279,1.2,0.11,0.57,55.56,25000,40,0.42,0.05
57.34,1.18,1.07,62.68,2.37,4.53,10,1.07,0.7599999904632568,1.0,0.1,0.64,66.67,30000,50,0.37,0.04
62.89,1.04,1.01,65.56,1.86,5.17,10,1.0,0.8199999928474426,0.89,0.09,0.68,77.78,35000,60,0.34,0.03
68.86,0.88,0.93,67.78,1.22,5.94,10,0.93,0.8399999737739563,0.83,0.08,0.7,88.89,40000,70,0.32,0.03
74.79,0.72,0.95,67.92,0.68,6.61,10,0.94,0.8399999737739563,0.77,0.08,0.72,100.0,45000,80,0.32,0.03
