Train Accuracy,Train Loss,Evaluation Loss,Evaluation Accuracy,Query Times,Training Times,Cluster Coverage,Log Loss,Diversity Metrics,Entropy Reduction,MAE,Model Confidence,Data Percentage,Data Count,EPOCHS,Top 1 Error,Top 5 Error
28.7,1.97,1.72,38.9,-1.0,1.54,-1,1.72,-1.0,1.73,0.15,0.37,22.22,10000,10,0.61,0.13
41.79,1.6,1.45,49.54,4.16,2.3,10,1.45,0.5199999809265137,1.45,0.13,0.47,33.33,15000,20,0.5,0.08
47.08,1.45,1.3,54.16,3.55,3.0,10,1.3,0.6600000262260437,1.31,0.12,0.53,44.44,20000,30,0.46,0.06
51.87,1.32,1.21,57.64,3.01,3.74,10,1.21,0.7200000286102295,1.16,0.11,0.58,55.56,25000,40,0.42,0.05
57.02,1.19,1.1,62.1,2.43,4.47,10,1.1,0.7699999809265137,1.02,0.1,0.63,66.67,30000,50,0.38,0.04
61.96,1.06,1.03,65.46,1.81,5.27,10,1.03,0.8100000023841858,0.87,0.09,0.69,77.78,35000,60,0.35,0.04
67.9,0.91,0.98,66.44,1.2,5.93,10,0.98,0.8399999737739563,0.84,0.09,0.7,88.89,40000,70,0.34,0.04
73.83,0.75,0.96,66.66,0.68,6.68,10,0.96,0.8500000238418579,0.78,0.08,0.72,100.0,45000,80,0.33,0.03
