Train Accuracy,Train Loss,Evaluation Loss,Evaluation Accuracy,Query Times,Training Times,Cluster Coverage,Log Loss,Diversity Metrics,Entropy Reduction,MAE,Model Confidence,Data Percentage,Data Count,EPOCHS,Top 1 Error,Top 5 Error
12.52,2.27,2.13,23.3,-1.0,2.44,-1,2.13,-1.0,2.16,0.17,0.17,22.22,10000,10,0.77,0.24
32.11,1.8,1.56,41.76,19.8,3.61,10,1.57,0.14000000059604645,1.69,0.15,0.36,33.33,15000,20,0.58,0.09
46.07,1.45,1.23,54.74,16.98,4.78,10,1.23,0.5400000214576721,1.36,0.12,0.5,44.44,20000,30,0.45,0.05
56.09,1.19,0.95,65.9,14.17,5.95,10,0.95,0.6899999976158142,1.03,0.1,0.63,55.56,25000,40,0.34,0.03
64.82,0.97,0.74,73.88,11.38,7.11,10,0.74,0.7799999713897705,0.79,0.07,0.72,66.67,30000,50,0.26,0.02
72.6,0.76,0.65,77.42,8.56,8.28,10,0.65,0.8399999737739563,0.63,0.06,0.78,77.78,35000,60,0.23,0.01
80.79,0.55,0.56,80.76,5.74,9.43,10,0.57,0.8500000238418579,0.56,0.05,0.8,88.89,40000,70,0.19,0.01
87.08,0.37,0.54,82.16,2.91,10.62,10,0.54,0.8500000238418579,0.42,0.05,0.85,100.0,45000,80,0.18,0.01
