Train Accuracy,Train Loss,Evaluation Loss,Evaluation Accuracy,Query Times,Training Times,Cluster Coverage,Log Loss,Diversity Metrics,Entropy Reduction,MAE,Model Confidence,Data Percentage,Data Count,EPOCHS,Top 1 Error,Top 5 Error
11.14,2.29,2.24,13.24,-1.0,2.46,-1,2.23,-1.0,2.25,0.18,0.14,22.22,10000,10,0.87,0.39
31.79,1.81,1.58,39.5,19.83,3.64,10,1.58,0.03999999910593033,1.6,0.14,0.4,33.33,15000,20,0.6,0.09
45.23,1.46,1.24,54.58,17.03,4.82,10,1.24,0.5699999928474426,1.33,0.12,0.51,44.44,20000,30,0.45,0.05
55.37,1.21,0.98,64.94,14.18,5.96,10,0.98,0.6899999976158142,0.99,0.09,0.64,55.56,25000,40,0.35,0.03
64.56,0.97,0.78,71.88,11.37,7.12,10,0.78,0.7900000214576721,0.81,0.08,0.71,66.67,30000,50,0.28,0.02
72.13,0.78,0.61,78.72,8.57,8.28,10,0.61,0.8299999833106995,0.59,0.06,0.79,77.78,35000,60,0.21,0.01
79.94,0.57,0.53,80.98,5.74,9.44,10,0.54,0.8500000238418579,0.54,0.05,0.81,88.89,40000,70,0.19,0.01
86.2,0.39,0.49,83.08,2.92,10.61,10,0.49,0.8299999833106995,0.46,0.05,0.84,100.0,45000,80,0.17,0.01
