Train Accuracy,Train Loss,Evaluation Loss,Evaluation Accuracy,Query Times,Training Times,Cluster Coverage,Log Loss,Diversity Metrics,Entropy Reduction,MAE,Model Confidence,Data Percentage,Data Count,EPOCHS,Top 1 Error,Top 5 Error
13.26,2.26,2.09,23.7,-1.0,2.45,-1,2.09,-1.0,2.14,0.17,0.18,22.22,10000,10,0.76,0.24
33.19,1.77,1.55,43.12,19.79,3.61,10,1.55,0.1599999964237213,1.64,0.14,0.38,33.33,15000,20,0.57,0.09
46.43,1.44,1.28,53.62,17.0,4.79,10,1.28,0.550000011920929,1.27,0.12,0.54,44.44,20000,30,0.46,0.06
57.23,1.17,0.95,67.34,14.18,5.94,10,0.95,0.7099999785423279,1.05,0.09,0.62,55.56,25000,40,0.33,0.03
65.59,0.95,0.73,74.02,11.36,7.11,10,0.73,0.7900000214576721,0.77,0.07,0.73,66.67,30000,50,0.26,0.02
73.31,0.75,0.62,78.4,8.56,8.27,10,0.62,0.8500000238418579,0.64,0.06,0.77,77.78,35000,60,0.22,0.01
81.38,0.53,0.54,81.42,5.72,9.44,10,0.54,0.8600000143051147,0.5,0.05,0.82,88.89,40000,70,0.19,0.01
87.5,0.36,0.53,82.4,2.91,10.61,10,0.53,0.8399999737739563,0.4,0.05,0.86,100.0,45000,80,0.18,0.01
