Train Accuracy,Train Loss,Evaluation Loss,Evaluation Accuracy,Query Times,Training Times,Cluster Coverage,Log Loss,Diversity Metrics,Entropy Reduction,MAE,Model Confidence,Data Percentage,Data Count,EPOCHS,Top 1 Error,Top 5 Error
9.99,2.32,2.31,10.94,-1.0,7.51,-1,2.31,-1.0,2.3,0.18,0.12,22.22,10000,10,0.89,0.5
11.8,2.29,2.09,20.52,11.06,11.21,10,2.08,0.009999999776482582,2.12,0.17,0.19,33.33,15000,20,0.79,0.25
27.76,1.86,1.65,37.54,9.4,15.21,10,1.63,0.23000000417232513,1.65,0.15,0.36,44.44,20000,30,0.62,0.1
43.6,1.5,1.29,51.42,7.93,18.72,10,1.27,0.5299999713897705,1.2,0.12,0.54,55.56,25000,40,0.49,0.05
54.74,1.23,1.05,61.88,6.25,22.35,10,1.03,0.7300000190734863,0.99,0.1,0.63,66.67,30000,50,0.38,0.03
63.68,1.0,0.89,69.24,4.93,25.91,10,0.87,0.800000011920929,0.78,0.08,0.71,77.78,35000,60,0.31,0.02
73.23,0.76,0.81,72.42,3.35,30.08,10,0.8,0.8399999737739563,0.61,0.07,0.78,88.89,40000,70,0.28,0.02
83.08,0.5,0.87,72.94,1.77,34.74,10,0.85,0.8399999737739563,0.47,0.06,0.82,100.0,45000,80,0.27,0.02
