Train Accuracy,Train Loss,Evaluation Loss,Evaluation Accuracy,Query Times,Training Times,Cluster Coverage,Log Loss,Diversity Metrics,Entropy Reduction,MAE,Model Confidence,Data Percentage,Data Count,EPOCHS,Top 1 Error,Top 5 Error
10.14,2.32,2.31,10.28,-1.0,7.41,-1,2.31,-1.0,2.3,0.18,0.12,22.22,10000,10,0.9,0.49
13.61,2.24,2.06,20.18,11.02,11.06,10,2.05,0.009999999776482582,2.02,0.17,0.21,33.33,15000,20,0.8,0.24
28.7,1.82,1.71,36.66,9.68,14.71,10,1.69,0.2800000011920929,1.53,0.15,0.41,44.44,20000,30,0.63,0.11
42.49,1.51,1.33,49.82,7.95,18.42,10,1.32,0.5799999833106995,1.32,0.12,0.5,55.56,25000,40,0.5,0.06
54.16,1.24,1.05,62.82,6.59,22.17,10,1.03,0.699999988079071,1.03,0.1,0.62,66.67,30000,50,0.37,0.03
63.62,1.0,0.92,68.32,5.12,25.5,10,0.91,0.7900000214576721,0.77,0.08,0.72,77.78,35000,60,0.32,0.03
73.18,0.76,0.87,71.22,3.18,29.17,10,0.85,0.8399999737739563,0.6,0.07,0.78,88.89,40000,70,0.29,0.02
83.02,0.5,0.99,70.96,1.63,32.8,10,0.97,0.8399999737739563,0.47,0.07,0.82,100.0,45000,80,0.29,0.03
