Train Accuracy,Train Loss,Evaluation Loss,Evaluation Accuracy,Query Times,Training Times,Cluster Coverage,Log Loss,Diversity Metrics,Entropy Reduction,MAE,Model Confidence,Data Percentage,Data Count,EPOCHS,Top 1 Error,Top 5 Error
12.74,2.27,2.13,20.76,-1.0,33.25,-1,2.13,-1.0,2.16,0.17,0.17,22.22,10000,10,0.79,0.25
31.01,1.83,1.57,42.36,281.38,49.55,10,1.57,0.11999999731779099,1.63,0.14,0.38,33.33,15000,20,0.58,0.09
45.06,1.47,1.23,55.1,244.87,66.59,10,1.23,0.5699999928474426,1.35,0.12,0.5,44.44,20000,30,0.45,0.05
55.43,1.21,0.96,66.14,198.89,84.49,10,0.96,0.6899999976158142,1.03,0.09,0.63,55.56,25000,40,0.34,0.03
64.98,0.96,0.75,74.26,159.02,98.7,10,0.75,0.7900000214576721,0.79,0.07,0.72,66.67,30000,50,0.26,0.02
73.21,0.75,0.63,78.08,141.1,108.57,10,0.63,0.8399999737739563,0.57,0.06,0.8,77.78,35000,60,0.22,0.01
81.18,0.54,0.55,81.06,73.26,123.64,10,0.55,0.8600000143051147,0.53,0.05,0.81,88.89,40000,70,0.19,0.01
87.46,0.36,0.52,82.32,36.88,138.64,10,0.52,0.8399999737739563,0.42,0.05,0.85,100.0,45000,80,0.18,0.01
