Train Accuracy,Train Loss,Evaluation Loss,Evaluation Accuracy,Query Times,Training Times,Cluster Coverage,Log Loss,Diversity Metrics,Entropy Reduction,MAE,Model Confidence,Data Percentage,Data Count,EPOCHS,Top 1 Error,Top 5 Error
15.0,2.26,2.08,23.6,-1.0,31.2,-1,2.08,-1.0,2.09,0.17,0.22,22.22,10000,10,0.76,0.24
34.19,1.77,1.52,44.1,33.94,46.64,10,1.51,0.23000000417232513,1.4,0.13,0.48,33.33,15000,20,0.56,0.08
49.57,1.36,1.21,56.3,28.65,62.2,10,1.21,0.6499999761581421,1.13,0.11,0.59,44.44,20000,30,0.44,0.05
61.62,1.06,0.97,65.48,23.74,77.6,10,0.97,0.7400000095367432,0.91,0.09,0.67,55.56,25000,40,0.35,0.03
70.37,0.83,0.76,73.3,19.12,92.9,10,0.76,0.7799999713897705,0.71,0.07,0.74,66.67,30000,50,0.27,0.02
77.0,0.65,0.64,77.38,14.06,108.64,10,0.64,0.8199999928474426,0.58,0.06,0.79,77.78,35000,60,0.23,0.01
81.55,0.52,0.62,79.94,9.43,124.24,10,0.61,0.8399999737739563,0.45,0.05,0.84,88.89,40000,70,0.2,0.01
85.28,0.42,0.56,82.3,4.75,139.59,10,0.55,0.8500000238418579,0.38,0.05,0.86,100.0,45000,80,0.18,0.01
