Train Accuracy,Train Loss,Evaluation Loss,Evaluation Accuracy,Query Times,Training Times,Cluster Coverage,Log Loss,Diversity Metrics,Entropy Reduction,MAE,Model Confidence,Data Percentage,Data Count,EPOCHS,Top 1 Error,Top 5 Error
69.46,0.87,1.57,56.6,-1.0,6.62,-1,1.57,-1.0,0.61,0.09,0.78,22.22,10000,10,0.43,0.06
90.09,0.31,1.15,69.8,8.32,9.87,10,1.15,0.8199999928474426,0.37,0.07,0.86,33.33,15000,20,0.3,0.03
94.36,0.18,1.03,73.98,7.16,13.12,10,1.03,0.8700000047683716,0.29,0.06,0.89,44.44,20000,30,0.26,0.02
95.94,0.13,0.89,78.02,5.94,16.37,10,0.9,0.8799999952316284,0.25,0.05,0.91,55.56,25000,40,0.22,0.02
97.27,0.09,0.79,80.62,4.75,19.62,10,0.8,0.8899999856948853,0.22,0.04,0.92,66.67,30000,50,0.19,0.02
98.91,0.04,0.77,81.92,3.64,22.87,10,0.78,0.8899999856948853,0.2,0.04,0.93,77.78,35000,60,0.18,0.02
99.88,0.01,0.75,82.36,2.44,26.13,10,0.75,0.8799999952316284,0.2,0.04,0.93,88.89,40000,70,0.18,0.02
99.92,0.01,0.79,81.62,1.27,29.37,10,0.8,0.8700000047683716,0.2,0.04,0.92,100.0,45000,80,0.18,0.02
