Train Accuracy,Train Loss,Evaluation Loss,Evaluation Accuracy,Query Times,Training Times,Cluster Coverage,Log Loss,Diversity Metrics,Entropy Reduction,MAE,Model Confidence,Data Percentage,Data Count,EPOCHS,Top 1 Error,Top 5 Error
32.04,1.86,1.53,45.36,-1.0,1.51,-1,1.53,-1.0,1.61,0.14,0.41,22.22,10000,10,0.55,0.09
45.74,1.49,1.22,56.68,3.94,2.22,10,1.22,0.5799999833106995,1.29,0.12,0.53,33.33,15000,20,0.43,0.05
55.32,1.24,0.96,66.54,3.37,2.91,10,0.96,0.7200000286102295,1.01,0.09,0.64,44.44,20000,30,0.33,0.03
63.62,1.02,0.79,72.44,2.84,3.64,10,0.79,0.800000011920929,0.77,0.08,0.73,55.56,25000,40,0.28,0.02
71.23,0.81,0.72,74.8,2.38,4.31,10,0.72,0.8500000238418579,0.66,0.07,0.76,66.67,30000,50,0.25,0.02
78.88,0.6,0.67,77.14,1.81,5.0,10,0.67,0.8600000143051147,0.52,0.06,0.81,77.78,35000,60,0.23,0.01
85.75,0.41,0.67,78.04,1.19,5.74,10,0.67,0.8700000047683716,0.45,0.05,0.84,88.89,40000,70,0.22,0.01
90.6,0.27,0.7,78.66,0.64,6.43,10,0.69,0.8600000143051147,0.37,0.05,0.86,100.0,45000,80,0.21,0.01
