Train Accuracy,Train Loss,Evaluation Loss,Evaluation Accuracy,Query Times,Training Times,Cluster Coverage,Log Loss,Diversity Metrics,Entropy Reduction,MAE,Model Confidence,Data Percentage,Data Count,EPOCHS,Top 1 Error,Top 5 Error
35.57,1.78,1.47,46.92,-1.0,1.51,-1,1.47,-1.0,1.58,0.14,0.42,22.22,10000,10,0.53,0.08
60.71,1.14,1.22,57.26,3.95,2.21,10,1.22,0.5899999737739563,1.28,0.12,0.54,33.33,15000,20,0.43,0.05
72.5,0.83,1.1,61.52,3.36,2.91,10,1.09,0.6700000166893005,0.99,0.1,0.65,44.44,20000,30,0.38,0.04
78.48,0.65,0.94,67.84,2.83,3.6,10,0.94,0.7099999785423279,0.89,0.09,0.68,55.56,25000,40,0.32,0.03
82.87,0.52,0.86,71.14,2.3,4.33,10,0.86,0.6899999976158142,0.72,0.08,0.74,66.67,30000,50,0.29,0.02
84.98,0.45,0.79,73.86,1.75,5.02,10,0.79,0.6800000071525574,0.61,0.07,0.78,77.78,35000,60,0.26,0.02
85.71,0.42,0.76,75.42,1.23,5.69,10,0.76,0.6899999976158142,0.49,0.06,0.82,88.89,40000,70,0.25,0.02
85.95,0.4,0.74,76.82,0.65,6.41,10,0.74,0.6800000071525574,0.45,0.06,0.83,100.0,45000,80,0.23,0.02
