Train Accuracy,Train Loss,Evaluation Loss,Evaluation Accuracy,Query Times,Training Times,Cluster Coverage,Log Loss,Diversity Metrics,Entropy Reduction,MAE,Model Confidence,Data Percentage,Data Count,EPOCHS,Top 1 Error,Top 5 Error
33.74,1.83,1.46,47.22,-1.0,1.62,-1,1.46,-1.0,1.55,0.14,0.43,22.22,10000,10,0.53,0.08
60.61,1.15,1.21,56.2,4.14,2.33,10,1.22,0.6100000143051147,1.25,0.12,0.54,33.33,15000,20,0.44,0.05
72.09,0.83,1.0,64.12,3.7,3.1,10,1.01,0.6800000071525574,1.04,0.1,0.62,44.44,20000,30,0.36,0.03
79.33,0.63,0.9,67.76,3.08,3.81,10,0.91,0.6899999976158142,0.86,0.08,0.69,55.56,25000,40,0.32,0.03
82.67,0.53,0.81,71.74,2.39,4.4,10,0.82,0.6700000166893005,0.75,0.07,0.73,66.67,30000,50,0.28,0.03
84.38,0.47,0.77,73.94,1.75,5.02,10,0.78,0.6800000071525574,0.62,0.07,0.78,77.78,35000,60,0.26,0.02
85.05,0.44,0.75,75.62,1.19,5.67,10,0.76,0.6800000071525574,0.5,0.06,0.82,88.89,40000,70,0.24,0.02
85.4,0.42,0.71,77.44,0.65,6.35,10,0.72,0.6700000166893005,0.43,0.05,0.84,100.0,45000,80,0.23,0.02
