Train Accuracy,Train Loss,Evaluation Loss,Evaluation Accuracy,Query Times,Training Times,Cluster Coverage,Log Loss,Diversity Metrics,Entropy Reduction,MAE,Model Confidence,Data Percentage,Data Count,EPOCHS,Top 1 Error,Top 5 Error
33.14,1.84,1.53,44.6,-1.0,1.53,-1,1.54,-1.0,1.61,0.14,0.4,22.22,10000,10,0.55,0.09
59.09,1.18,1.25,55.78,4.01,2.21,10,1.26,0.5799999833106995,1.32,0.12,0.52,33.33,15000,20,0.44,0.06
71.16,0.86,1.04,62.32,3.35,2.93,10,1.05,0.6399999856948853,1.05,0.1,0.62,44.44,20000,30,0.38,0.04
78.28,0.66,0.93,67.22,2.83,3.63,10,0.94,0.6899999976158142,0.92,0.09,0.67,55.56,25000,40,0.33,0.03
82.33,0.53,0.81,71.86,2.32,4.3,10,0.82,0.699999988079071,0.73,0.07,0.74,66.67,30000,50,0.28,0.03
84.66,0.46,0.75,74.16,1.71,5.03,10,0.75,0.6600000262260437,0.59,0.06,0.79,77.78,35000,60,0.26,0.02
85.36,0.42,0.7,76.24,1.24,5.68,10,0.7,0.699999988079071,0.51,0.06,0.81,88.89,40000,70,0.24,0.02
85.6,0.41,0.67,78.28,0.68,6.39,10,0.67,0.6399999856948853,0.45,0.05,0.84,100.0,45000,80,0.22,0.01
