Train Accuracy,Train Loss,Evaluation Loss,Evaluation Accuracy,Query Times,Training Times,Cluster Coverage,Log Loss,Diversity Metrics,Entropy Reduction,MAE,Model Confidence,Data Percentage,Data Count,EPOCHS,Top 1 Error,Top 5 Error
25.57,2.04,1.78,35.72,-1.0,1.54,-1,1.79,-1.0,1.84,0.16,0.33,22.22,10000,10,0.64,0.14
51.09,1.38,1.45,47.9,4.3,2.29,10,1.45,0.4699999988079071,1.47,0.13,0.47,33.33,15000,20,0.52,0.08
63.25,1.07,1.37,52.1,3.51,2.99,10,1.37,0.6000000238418579,1.29,0.12,0.53,44.44,20000,30,0.48,0.07
67.37,0.95,1.26,56.22,2.92,3.74,10,1.26,0.5899999737739563,1.21,0.11,0.56,55.56,25000,40,0.44,0.06
70.17,0.87,1.18,58.92,2.53,4.48,10,1.18,0.5600000023841858,1.07,0.1,0.62,66.67,30000,50,0.41,0.05
71.31,0.83,1.08,62.76,1.9,5.29,10,1.07,0.6200000047683716,0.98,0.1,0.65,77.78,35000,60,0.37,0.04
71.76,0.81,1.03,65.38,1.29,5.98,10,1.03,0.550000011920929,0.9,0.09,0.68,88.89,40000,70,0.35,0.04
71.39,0.81,1.0,65.74,0.68,6.61,10,1.0,0.5099999904632568,0.85,0.09,0.7,100.0,45000,80,0.34,0.03
