Train Accuracy,Train Loss,Evaluation Loss,Evaluation Accuracy,Query Times,Training Times,Cluster Coverage,Log Loss,Diversity Metrics,Entropy Reduction,MAE,Model Confidence,Data Percentage,Data Count,EPOCHS,Top 1 Error,Top 5 Error
20.65,2.12,1.88,31.68,-1.0,1.56,-1,1.88,-1.0,1.9,0.16,0.3,22.22,10000,10,0.68,0.17
47.22,1.5,1.56,43.34,4.25,2.28,10,1.56,0.4099999964237213,1.6,0.14,0.43,33.33,15000,20,0.57,0.09
57.64,1.23,1.41,49.42,3.54,3.04,10,1.41,0.5400000214576721,1.39,0.13,0.5,44.44,20000,30,0.51,0.07
63.41,1.07,1.29,54.44,2.9,3.68,10,1.29,0.5799999833106995,1.25,0.12,0.54,55.56,25000,40,0.46,0.06
66.6,0.96,1.22,57.02,2.63,4.46,10,1.22,0.5600000023841858,1.15,0.11,0.59,66.67,30000,50,0.43,0.06
68.58,0.9,1.13,59.6,1.85,5.18,10,1.14,0.550000011920929,1.09,0.1,0.61,77.78,35000,60,0.4,0.05
69.61,0.87,1.11,61.72,1.18,5.97,10,1.11,0.5099999904632568,0.91,0.1,0.67,88.89,40000,70,0.38,0.04
69.35,0.87,1.09,61.96,0.7,6.59,10,1.08,0.550000011920929,0.85,0.09,0.69,100.0,45000,80,0.38,0.04
