Train Accuracy,Train Loss,Evaluation Loss,Evaluation Accuracy,Query Times,Training Times,Cluster Coverage,Log Loss,Diversity Metrics,Entropy Reduction,MAE,Model Confidence,Data Percentage,Data Count,EPOCHS,Top 1 Error,Top 5 Error
24.77,2.05,1.79,36.52,-1.0,1.56,-1,1.8,-1.0,1.85,0.16,0.32,22.22,10000,10,0.63,0.16
50.13,1.43,1.58,43.7,4.14,2.24,10,1.59,0.46000000834465027,1.56,0.14,0.43,33.33,15000,20,0.56,0.11
59.35,1.18,1.39,50.74,3.46,3.05,10,1.39,0.550000011920929,1.36,0.13,0.51,44.44,20000,30,0.49,0.07
65.18,1.01,1.28,54.94,3.01,3.74,10,1.28,0.5699999928474426,1.24,0.12,0.55,55.56,25000,40,0.45,0.06
68.46,0.91,1.22,57.94,2.45,4.45,10,1.22,0.5600000023841858,1.11,0.11,0.6,66.67,30000,50,0.42,0.05
70.39,0.85,1.16,59.52,1.75,5.17,10,1.16,0.5699999928474426,0.99,0.1,0.64,77.78,35000,60,0.4,0.05
71.13,0.82,1.1,62.54,1.29,5.94,10,1.09,0.5199999809265137,0.91,0.09,0.67,88.89,40000,70,0.37,0.04
71.03,0.82,1.03,65.46,0.63,6.74,10,1.02,0.5400000214576721,0.81,0.09,0.71,100.0,45000,80,0.35,0.03
