Train Accuracy,Train Loss,Evaluation Loss,Evaluation Accuracy,Query Times,Training Times,Cluster Coverage,Log Loss,Diversity Metrics,Entropy Reduction,MAE,Model Confidence,Data Percentage,Data Count,EPOCHS,Top 1 Error,Top 5 Error
14.53,2.25,2.03,27.2,-1.0,31.02,-1,2.04,-1.0,2.06,0.17,0.23,22.22,10000,10,0.73,0.23
34.22,1.76,1.54,42.64,259.06,46.47,10,1.54,0.27000001072883606,1.63,0.14,0.39,33.33,15000,20,0.57,0.08
47.07,1.43,1.24,54.74,221.79,62.15,10,1.25,0.5699999928474426,1.21,0.12,0.55,44.44,20000,30,0.45,0.05
58.01,1.15,0.89,68.6,185.33,77.28,10,0.89,0.7200000286102295,0.94,0.09,0.66,55.56,25000,40,0.31,0.02
66.31,0.93,0.7,75.84,147.93,92.82,10,0.71,0.800000011920929,0.75,0.07,0.73,66.67,30000,50,0.24,0.02
73.94,0.73,0.59,79.96,110.85,108.08,10,0.59,0.8500000238418579,0.59,0.06,0.79,77.78,35000,60,0.2,0.01
81.8,0.52,0.5,83.1,73.84,123.54,10,0.5,0.8600000143051147,0.49,0.05,0.83,88.89,40000,70,0.17,0.01
87.94,0.34,0.48,83.72,36.51,139.17,10,0.49,0.8299999833106995,0.4,0.04,0.86,100.0,45000,80,0.16,0.01
