Train Accuracy,Train Loss,Evaluation Loss,Evaluation Accuracy,Query Times,Training Times,Cluster Coverage,Log Loss,Diversity Metrics,Entropy Reduction,MAE,Model Confidence,Data Percentage,Data Count,EPOCHS,Top 1 Error,Top 5 Error
13.74,2.26,2.0,26.98,-1.0,30.88,-1,2.0,-1.0,2.04,0.17,0.23,22.22,10000,10,0.73,0.21
35.81,1.73,1.51,44.48,257.75,46.56,10,1.51,0.28999999165534973,1.55,0.14,0.42,33.33,15000,20,0.56,0.09
47.99,1.4,1.15,59.14,221.94,61.87,10,1.15,0.6000000238418579,1.23,0.11,0.54,44.44,20000,30,0.41,0.04
57.64,1.16,0.89,68.62,184.11,76.96,10,0.88,0.7300000190734863,0.96,0.09,0.65,55.56,25000,40,0.31,0.02
65.93,0.94,0.69,75.8,148.18,92.59,10,0.69,0.800000011920929,0.73,0.07,0.74,66.67,30000,50,0.24,0.01
73.69,0.74,0.58,80.32,110.38,108.1,10,0.58,0.8500000238418579,0.67,0.06,0.77,77.78,35000,60,0.2,0.01
81.7,0.52,0.53,82.0,73.26,123.46,10,0.53,0.8600000143051147,0.53,0.05,0.81,88.89,40000,70,0.18,0.01
87.83,0.35,0.49,83.52,37.07,139.41,10,0.49,0.8199999928474426,0.42,0.04,0.85,100.0,45000,80,0.16,0.01
