Train Accuracy,Train Loss,Evaluation Loss,Evaluation Accuracy,Query Times,Training Times,Cluster Coverage,Log Loss,Diversity Metrics,Entropy Reduction,MAE,Model Confidence,Data Percentage,Data Count,EPOCHS,Top 1 Error,Top 5 Error
10.16,2.32,2.31,10.3,-1.0,7.34,-1,2.31,-1.0,2.3,0.18,0.12,22.22,10000,10,0.9,0.49
15.78,2.17,1.95,22.72,11.05,11.01,10,1.94,0.009999999776482582,1.9,0.17,0.24,33.33,15000,20,0.77,0.17
28.87,1.8,1.63,36.84,9.43,14.52,10,1.62,0.3799999952316284,1.68,0.15,0.34,44.44,20000,30,0.63,0.1
44.68,1.47,1.29,53.32,7.53,18.35,10,1.27,0.5299999713897705,1.28,0.12,0.51,55.56,25000,40,0.47,0.05
57.95,1.15,1.09,61.66,6.26,21.82,10,1.07,0.6899999976158142,0.9,0.09,0.67,66.67,30000,50,0.38,0.03
68.03,0.9,1.01,64.52,4.84,25.34,10,0.99,0.7799999713897705,0.81,0.09,0.71,77.78,35000,60,0.35,0.03
75.42,0.71,0.83,72.38,3.17,28.95,10,0.81,0.7900000214576721,0.63,0.07,0.77,88.89,40000,70,0.28,0.02
81.93,0.53,0.86,73.56,1.59,32.68,10,0.85,0.8299999833106995,0.5,0.06,0.82,100.0,45000,80,0.26,0.02
