Train Accuracy,Train Loss,Evaluation Loss,Evaluation Accuracy,Query Times,Training Times,Cluster Coverage,Log Loss,Diversity Metrics,Entropy Reduction,MAE,Model Confidence,Data Percentage,Data Count,EPOCHS,Top 1 Error,Top 5 Error
70.07,0.84,1.48,62.98,-1.0,4.69,-1,1.49,-1.0,0.45,0.08,0.84,22.22,10000,10,0.37,0.05
94.47,0.17,1.23,70.38,6.29,6.97,10,1.25,0.8399999737739563,0.31,0.06,0.89,33.33,15000,20,0.3,0.03
98.23,0.06,1.22,72.5,5.3,9.24,10,1.24,0.8600000143051147,0.25,0.06,0.91,44.44,20000,30,0.28,0.03
98.44,0.05,1.18,74.0,4.5,11.54,10,1.19,0.8600000143051147,0.22,0.05,0.92,55.56,25000,40,0.26,0.03
97.97,0.07,1.06,76.52,3.57,13.8,10,1.05,0.8500000238418579,0.22,0.05,0.92,66.67,30000,50,0.23,0.02
97.58,0.08,1.0,77.2,2.77,16.07,10,1.01,0.8399999737739563,0.21,0.05,0.92,77.78,35000,60,0.23,0.02
97.31,0.09,0.76,82.18,1.88,18.36,10,0.77,0.8199999928474426,0.18,0.04,0.94,88.89,40000,70,0.18,0.01
96.87,0.1,0.71,83.26,1.03,20.64,10,0.71,0.8299999833106995,0.16,0.04,0.94,100.0,45000,80,0.17,0.01
