Train Accuracy,Train Loss,Evaluation Loss,Evaluation Accuracy,Query Times,Training Times,Cluster Coverage,Log Loss,Diversity Metrics,Entropy Reduction,MAE,Model Confidence,Data Percentage,Data Count,EPOCHS,Top 1 Error,Top 5 Error
15.13,2.24,2.05,25.86,-1.0,31.08,-1,2.05,-1.0,2.09,0.17,0.21,22.22,10000,10,0.74,0.21
37.62,1.7,1.56,42.64,33.16,46.72,10,1.56,0.23000000417232513,1.52,0.14,0.43,33.33,15000,20,0.57,0.09
55.29,1.25,1.24,54.4,28.39,62.17,10,1.24,0.5799999833106995,1.17,0.11,0.57,44.44,20000,30,0.46,0.05
68.2,0.91,1.01,64.1,23.44,77.42,10,1.02,0.6700000166893005,0.93,0.09,0.66,55.56,25000,40,0.36,0.03
76.54,0.69,0.86,69.46,19.24,93.3,10,0.87,0.6700000166893005,0.76,0.08,0.72,66.67,30000,50,0.31,0.02
80.96,0.56,0.68,76.76,14.53,108.73,10,0.69,0.6399999856948853,0.62,0.06,0.78,77.78,35000,60,0.23,0.01
83.32,0.49,0.6,79.66,9.27,123.65,10,0.6,0.6499999761581421,0.5,0.05,0.82,88.89,40000,70,0.2,0.01
83.89,0.46,0.56,81.12,4.69,139.44,10,0.57,0.6100000143051147,0.4,0.05,0.86,100.0,45000,80,0.19,0.01
