Train Accuracy,Train Loss,Evaluation Loss,Evaluation Accuracy,Query Times,Training Times,Cluster Coverage,Log Loss,Diversity Metrics,Entropy Reduction,MAE,Model Confidence,Data Percentage,Data Count,EPOCHS,Top 1 Error,Top 5 Error
13.09,2.28,2.14,20.82,-1.0,31.15,-1,2.14,-1.0,2.21,0.17,0.16,22.22,10000,10,0.79,0.24
38.89,1.65,1.51,43.98,257.56,46.53,10,1.52,0.09000000357627869,1.57,0.14,0.41,33.33,15000,20,0.56,0.09
58.8,1.15,1.21,56.54,222.25,61.9,10,1.21,0.5199999809265137,1.32,0.12,0.52,44.44,20000,30,0.43,0.05
71.02,0.84,0.96,65.54,183.91,76.91,10,0.97,0.5899999737739563,1.06,0.1,0.61,55.56,25000,40,0.34,0.03
77.73,0.65,0.82,70.7,147.22,92.58,10,0.82,0.5600000023841858,0.8,0.08,0.71,66.67,30000,50,0.29,0.02
81.49,0.54,0.71,75.3,110.86,108.36,10,0.71,0.6100000143051147,0.68,0.07,0.76,77.78,35000,60,0.25,0.02
83.3,0.48,0.59,79.06,73.0,123.22,10,0.6,0.5899999737739563,0.55,0.06,0.8,88.89,40000,70,0.21,0.01
83.57,0.47,0.53,81.74,36.84,139.06,10,0.53,0.550000011920929,0.46,0.05,0.84,100.0,45000,80,0.18,0.01
