Train Accuracy,Train Loss,Evaluation Loss,Evaluation Accuracy,Query Times,Training Times,Cluster Coverage,Log Loss,Diversity Metrics,Entropy Reduction,MAE,Model Confidence,Data Percentage,Data Count,EPOCHS,Top 1 Error,Top 5 Error
68.98,0.89,1.46,57.08,-1.0,6.53,-1,1.47,-1.0,0.62,0.09,0.78,22.22,10000,10,0.43,0.05
95.6,0.14,1.34,65.8,8.0,9.72,10,1.34,0.8199999928474426,0.41,0.07,0.85,33.33,15000,20,0.34,0.03
98.36,0.06,1.26,68.44,6.84,12.93,10,1.26,0.8500000238418579,0.36,0.07,0.87,44.44,20000,30,0.32,0.03
98.28,0.06,1.17,70.72,5.74,16.12,10,1.18,0.8500000238418579,0.33,0.06,0.88,55.56,25000,40,0.29,0.03
98.09,0.07,1.09,73.66,4.64,19.33,10,1.09,0.8399999737739563,0.29,0.06,0.89,66.67,30000,50,0.26,0.02
97.93,0.07,0.93,77.1,3.48,22.54,10,0.93,0.8299999833106995,0.26,0.05,0.9,77.78,35000,60,0.23,0.02
97.82,0.08,0.86,79.54,2.37,25.73,10,0.86,0.8199999928474426,0.23,0.04,0.92,88.89,40000,70,0.2,0.02
97.38,0.09,0.79,81.16,1.24,28.95,10,0.78,0.8100000023841858,0.21,0.04,0.92,100.0,45000,80,0.19,0.01
