Train Accuracy,Train Loss,Evaluation Loss,Evaluation Accuracy,Query Times,Training Times,Cluster Coverage,Log Loss,Diversity Metrics,Entropy Reduction,MAE,Model Confidence,Data Percentage,Data Count,EPOCHS,Top 1 Error,Top 5 Error
13.88,2.26,2.1,24.22,-1.0,31.19,-1,2.09,-1.0,2.13,0.17,0.19,22.22,10000,10,0.76,0.23
33.14,1.81,1.51,43.74,33.34,46.67,10,1.51,0.18000000715255737,1.51,0.14,0.43,33.33,15000,20,0.56,0.07
46.57,1.46,1.26,54.28,28.94,62.09,10,1.26,0.6100000143051147,1.1,0.11,0.59,44.44,20000,30,0.46,0.05
56.9,1.19,0.92,66.94,23.37,77.53,10,0.92,0.75,0.89,0.09,0.68,55.56,25000,40,0.33,0.02
65.87,0.95,0.74,74.58,18.82,93.19,10,0.73,0.8100000023841858,0.64,0.07,0.77,66.67,30000,50,0.25,0.02
74.33,0.72,0.59,79.88,14.4,108.99,10,0.58,0.8399999737739563,0.56,0.06,0.8,77.78,35000,60,0.2,0.01
82.31,0.5,0.56,81.34,9.66,128.48,10,0.55,0.8600000143051147,0.41,0.05,0.85,88.89,40000,70,0.19,0.01
88.68,0.32,0.56,82.04,5.16,150.15,10,0.56,0.8500000238418579,0.33,0.04,0.88,100.0,45000,80,0.18,0.01
