Train Accuracy,Train Loss,Evaluation Loss,Evaluation Accuracy,Query Times,Training Times,Cluster Coverage,Log Loss,Diversity Metrics,Entropy Reduction,MAE,Model Confidence,Data Percentage,Data Count,EPOCHS,Top 1 Error,Top 5 Error
13.85,2.26,2.08,25.1,-1.0,31.33,-1,2.08,-1.0,2.05,0.17,0.24,22.22,10000,10,0.75,0.24
33.67,1.78,1.57,42.14,34.21,46.52,10,1.57,0.28999999165534973,1.37,0.13,0.49,33.33,15000,20,0.58,0.09
45.69,1.47,1.16,57.06,28.45,62.43,10,1.16,0.6600000262260437,1.09,0.11,0.6,44.44,20000,30,0.43,0.04
55.99,1.21,0.92,66.58,24.08,77.88,10,0.92,0.7699999809265137,0.86,0.09,0.69,55.56,25000,40,0.33,0.02
66.0,0.95,0.72,73.88,19.28,93.96,10,0.73,0.8199999928474426,0.63,0.07,0.77,66.67,30000,50,0.26,0.02
74.06,0.73,0.6,78.7,14.22,108.44,10,0.6,0.8600000143051147,0.5,0.05,0.82,77.78,35000,60,0.21,0.01
81.9,0.52,0.53,81.94,9.33,124.07,10,0.53,0.8600000143051147,0.42,0.05,0.85,88.89,40000,70,0.18,0.01
87.72,0.35,0.53,82.78,4.89,139.62,10,0.53,0.8399999737739563,0.33,0.04,0.88,100.0,45000,80,0.17,0.01
