Train Accuracy,Train Loss,Evaluation Loss,Evaluation Accuracy,Query Times,Training Times,Cluster Coverage,Log Loss,Diversity Metrics,Entropy Reduction,MAE,Model Confidence,Data Percentage,Data Count,EPOCHS,Top 1 Error,Top 5 Error
14.11,2.26,2.12,22.9,-1.0,31.25,-1,2.12,-1.0,2.06,0.17,0.23,22.22,10000,10,0.77,0.24
31.89,1.81,1.54,43.68,33.59,46.71,10,1.54,0.25,1.47,0.14,0.45,33.33,15000,20,0.56,0.08
45.7,1.48,1.24,55.14,28.12,62.16,10,1.24,0.6499999761581421,1.12,0.11,0.58,44.44,20000,30,0.45,0.05
55.57,1.23,0.95,66.56,24.27,77.8,10,0.95,0.7599999904632568,0.88,0.09,0.68,55.56,25000,40,0.33,0.02
65.39,0.96,0.73,74.54,18.78,93.41,10,0.73,0.8199999928474426,0.65,0.07,0.77,66.67,30000,50,0.25,0.01
73.66,0.74,0.63,77.64,13.75,115.2,10,0.63,0.8500000238418579,0.55,0.06,0.81,77.78,35000,60,0.22,0.01
81.63,0.53,0.56,81.16,10.73,132.12,10,0.56,0.8500000238418579,0.43,0.05,0.84,88.89,40000,70,0.19,0.01
87.74,0.35,0.56,81.8,5.0,149.5,10,0.56,0.8299999833106995,0.34,0.04,0.88,100.0,45000,80,0.18,0.01
