Train Accuracy,Train Loss,Evaluation Loss,Evaluation Accuracy,Query Times,Training Times,Cluster Coverage,Log Loss,Diversity Metrics,Entropy Reduction,MAE,Model Confidence,Data Percentage,Data Count,EPOCHS,Top 1 Error,Top 5 Error
20.64,2.15,1.86,33.06,-1.0,1.53,-1,1.86,-1.0,1.9,0.16,0.3,22.22,10000,10,0.67,0.17
38.51,1.7,1.47,47.46,4.2,2.27,10,1.47,0.41999998688697815,1.49,0.14,0.45,33.33,15000,20,0.53,0.08
45.86,1.51,1.31,52.4,3.63,3.05,10,1.31,0.6399999856948853,1.31,0.12,0.53,44.44,20000,30,0.48,0.06
51.41,1.36,1.17,58.26,2.98,3.68,10,1.17,0.7300000190734863,1.14,0.11,0.59,55.56,25000,40,0.42,0.05
56.63,1.21,1.1,62.02,2.47,4.42,10,1.1,0.7900000214576721,1.01,0.1,0.63,66.67,30000,50,0.38,0.04
62.3,1.06,1.0,65.04,1.79,5.15,10,1.0,0.8199999928474426,0.92,0.09,0.67,77.78,35000,60,0.35,0.03
67.98,0.91,0.97,67.26,1.25,5.92,10,0.96,0.8399999737739563,0.81,0.08,0.71,88.89,40000,70,0.33,0.03
73.93,0.75,0.99,66.6,0.66,6.77,10,0.99,0.8500000238418579,0.79,0.08,0.72,100.0,45000,80,0.33,0.03
