Train Accuracy,Train Loss,Evaluation Loss,Evaluation Accuracy,Query Times,Training Times,Cluster Coverage,Log Loss,Diversity Metrics,Entropy Reduction,MAE,Model Confidence,Data Percentage,Data Count,EPOCHS,Top 1 Error,Top 5 Error
17.46,2.19,1.92,30.6,-1.0,1.54,-1,1.93,-1.0,1.99,0.16,0.26,22.22,10000,10,0.69,0.2
36.73,1.76,1.56,44.36,4.24,2.33,10,1.56,0.3400000035762787,1.46,0.14,0.46,33.33,15000,20,0.56,0.1
45.42,1.52,1.37,52.1,3.71,2.98,10,1.37,0.6499999761581421,1.31,0.12,0.52,44.44,20000,30,0.48,0.07
49.51,1.4,1.26,55.56,2.98,3.75,10,1.26,0.7300000190734863,1.18,0.11,0.57,55.56,25000,40,0.44,0.05
54.58,1.26,1.16,59.18,2.44,4.42,10,1.16,0.7799999713897705,1.07,0.11,0.61,66.67,30000,50,0.41,0.04
60.59,1.1,1.07,62.7,1.83,5.21,10,1.07,0.8199999928474426,0.95,0.1,0.66,77.78,35000,60,0.37,0.04
67.04,0.93,1.0,65.54,1.26,5.92,10,1.0,0.8199999928474426,0.84,0.09,0.7,88.89,40000,70,0.34,0.03
73.32,0.76,1.01,66.14,0.65,6.69,10,1.01,0.8299999833106995,0.77,0.08,0.72,100.0,45000,80,0.34,0.03
