Train Accuracy,Train Loss,Evaluation Loss,Evaluation Accuracy,Query Times,Training Times,Cluster Coverage,Log Loss,Diversity Metrics,Entropy Reduction,MAE,Model Confidence,Data Percentage,Data Count,EPOCHS,Top 1 Error,Top 5 Error
27.96,1.98,1.72,38.9,-1.0,1.58,-1,1.72,-1.0,1.76,0.15,0.36,22.22,10000,10,0.61,0.13
40.48,1.65,1.47,47.8,4.17,2.32,10,1.47,0.5099999904632568,1.46,0.13,0.47,33.33,15000,20,0.52,0.08
46.35,1.49,1.32,53.28,3.5,2.98,10,1.32,0.6700000166893005,1.27,0.12,0.54,44.44,20000,30,0.47,0.06
51.85,1.34,1.18,57.36,3.01,3.71,10,1.19,0.7400000095367432,1.14,0.11,0.59,55.56,25000,40,0.43,0.05
56.84,1.2,1.11,59.9,2.53,4.44,10,1.11,0.7900000214576721,1.0,0.1,0.63,66.67,30000,50,0.4,0.04
62.48,1.05,1.03,63.26,1.89,5.13,10,1.03,0.8199999928474426,0.89,0.09,0.68,77.78,35000,60,0.37,0.04
68.42,0.89,0.97,65.14,1.18,5.92,10,0.98,0.8399999737739563,0.83,0.09,0.7,88.89,40000,70,0.35,0.03
74.44,0.73,0.95,66.72,0.69,6.57,10,0.96,0.8399999737739563,0.76,0.08,0.72,100.0,45000,80,0.33,0.03
