Train Accuracy,Train Loss,Evaluation Loss,Evaluation Accuracy,Query Times,Training Times,Cluster Coverage,Log Loss,Diversity Metrics,Entropy Reduction,MAE,Model Confidence,Data Percentage,Data Count,EPOCHS,Top 1 Error,Top 5 Error
10.28,2.32,2.3,11.16,-1.0,7.44,-1,2.3,-1.0,2.3,0.18,0.12,22.22,10000,10,0.89,0.48
18.78,2.1,1.88,24.76,10.78,11.02,10,1.88,0.009999999776482582,1.86,0.16,0.27,33.33,15000,20,0.75,0.16
32.54,1.76,1.57,41.0,9.05,14.7,10,1.55,0.4099999964237213,1.51,0.14,0.43,44.44,20000,30,0.59,0.09
44.28,1.48,1.25,54.16,7.73,18.34,10,1.23,0.6299999952316284,1.18,0.12,0.55,55.56,25000,40,0.46,0.04
55.08,1.23,1.04,62.64,6.37,21.85,10,1.03,0.7400000095367432,0.95,0.1,0.65,66.67,30000,50,0.37,0.03
64.99,0.97,0.89,68.98,4.81,25.65,10,0.87,0.800000011920929,0.75,0.08,0.73,77.78,35000,60,0.31,0.02
74.91,0.72,0.83,72.1,3.25,29.42,10,0.82,0.8299999833106995,0.59,0.07,0.78,88.89,40000,70,0.28,0.02
84.76,0.46,0.95,72.44,1.69,32.81,10,0.92,0.8399999737739563,0.41,0.06,0.85,100.0,45000,80,0.28,0.02
