Train Accuracy,Train Loss,Evaluation Loss,Evaluation Accuracy,Query Times,Training Times,Cluster Coverage,Log Loss,Diversity Metrics,Entropy Reduction,MAE,Model Confidence,Data Percentage,Data Count,EPOCHS,Top 1 Error,Top 5 Error
10.21,2.32,2.31,9.42,-1.0,7.33,-1,2.31,-1.0,2.3,0.18,0.12,22.22,10000,10,0.91,0.49
15.84,2.17,1.89,24.4,10.88,10.98,10,1.88,0.009999999776482582,1.9,0.16,0.24,33.33,15000,20,0.76,0.16
28.02,1.84,1.58,39.98,9.3,14.61,10,1.57,0.38999998569488525,1.59,0.14,0.39,44.44,20000,30,0.6,0.09
42.07,1.54,1.34,50.18,8.07,18.35,10,1.32,0.6000000238418579,1.31,0.13,0.5,55.56,25000,40,0.5,0.06
54.47,1.25,1.1,60.28,6.57,21.82,10,1.08,0.7099999785423279,0.96,0.1,0.65,66.67,30000,50,0.4,0.03
64.09,1.0,0.96,67.08,4.87,25.51,10,0.94,0.8100000023841858,0.77,0.08,0.72,77.78,35000,60,0.33,0.03
73.32,0.76,0.9,71.46,3.15,29.3,10,0.88,0.8299999833106995,0.56,0.07,0.8,88.89,40000,70,0.29,0.02
83.09,0.5,0.89,72.5,1.7,32.56,10,0.87,0.8299999833106995,0.48,0.06,0.83,100.0,45000,80,0.28,0.02
