Train Accuracy,Train Loss,Evaluation Loss,Evaluation Accuracy,Query Times,Training Times,Cluster Coverage,Log Loss,Diversity Metrics,Entropy Reduction,MAE,Model Confidence,Data Percentage,Data Count,EPOCHS,Top 1 Error,Top 5 Error
10.19,2.32,2.31,10.3,-1.0,7.41,-1,2.31,-1.0,2.3,0.18,0.12,22.22,10000,10,0.9,0.49
10.81,2.3,2.26,13.4,11.31,10.96,10,2.26,0.009999999776482582,2.28,0.18,0.13,33.33,15000,20,0.87,0.4
27.52,1.87,1.69,35.52,9.82,14.78,10,1.68,0.019999999552965164,1.67,0.15,0.36,44.44,20000,30,0.64,0.11
46.42,1.44,1.3,51.06,7.86,18.33,10,1.29,0.5199999809265137,1.29,0.12,0.5,55.56,25000,40,0.49,0.05
60.46,1.1,1.07,61.32,5.99,21.86,10,1.06,0.6499999761581421,1.03,0.1,0.62,66.67,30000,50,0.39,0.04
70.8,0.84,0.95,67.04,5.01,25.59,10,0.94,0.6899999976158142,0.81,0.08,0.7,77.78,35000,60,0.33,0.03
76.61,0.68,0.91,70.04,3.27,29.21,10,0.89,0.6800000071525574,0.66,0.07,0.75,88.89,40000,70,0.3,0.03
80.6,0.56,0.94,71.8,1.74,32.95,10,0.92,0.5799999833106995,0.51,0.07,0.81,100.0,45000,80,0.28,0.03
