Train Accuracy,Train Loss,Evaluation Loss,Evaluation Accuracy,Query Times,Training Times,Cluster Coverage,Log Loss,Diversity Metrics,Entropy Reduction,MAE,Model Confidence,Data Percentage,Data Count,EPOCHS,Top 1 Error,Top 5 Error
10.06,2.32,2.3,10.86,-1.0,7.44,-1,2.3,-1.0,2.3,0.18,0.12,22.22,10000,10,0.89,0.48
14.09,2.23,1.99,22.1,11.4,11.12,10,1.99,0.009999999776482582,2.04,0.17,0.2,33.33,15000,20,0.78,0.2
29.8,1.8,1.6,38.96,9.35,14.58,10,1.59,0.2800000011920929,1.62,0.15,0.37,44.44,20000,30,0.61,0.09
47.6,1.41,1.42,48.38,8.27,18.32,10,1.4,0.5699999928474426,1.26,0.12,0.53,55.56,25000,40,0.52,0.07
60.86,1.09,1.09,61.42,6.27,21.92,10,1.06,0.6600000262260437,1.03,0.1,0.62,66.67,30000,50,0.39,0.03
71.28,0.83,0.98,66.06,4.74,25.45,10,0.95,0.7099999785423279,0.83,0.09,0.7,77.78,35000,60,0.34,0.03
76.96,0.67,0.95,69.12,3.18,29.11,10,0.92,0.6899999976158142,0.66,0.08,0.76,88.89,40000,70,0.31,0.03
80.69,0.56,0.91,71.64,1.65,32.96,10,0.89,0.6399999856948853,0.52,0.07,0.81,100.0,45000,80,0.28,0.02
