Train Accuracy,Train Loss,Evaluation Loss,Evaluation Accuracy,Query Times,Training Times,Cluster Coverage,Log Loss,Diversity Metrics,Entropy Reduction,MAE,Model Confidence,Data Percentage,Data Count,EPOCHS,Top 1 Error,Top 5 Error
11.76,2.29,2.08,22.74,-1.0,31.19,-1,2.09,-1.0,2.14,0.17,0.2,22.22,10000,10,0.77,0.28
39.47,1.64,1.52,44.56,33.5,46.71,10,1.52,0.20000000298023224,1.44,0.13,0.47,33.33,15000,20,0.55,0.09
58.77,1.16,1.19,56.62,28.78,62.15,10,1.2,0.6000000238418579,1.13,0.11,0.59,44.44,20000,30,0.43,0.05
70.56,0.85,0.97,64.98,24.09,77.69,10,0.97,0.6600000262260437,0.94,0.09,0.66,55.56,25000,40,0.35,0.03
77.33,0.67,0.82,71.38,18.94,92.9,10,0.83,0.6200000047683716,0.75,0.08,0.73,66.67,30000,50,0.29,0.02
81.23,0.55,0.67,76.66,13.67,108.36,10,0.67,0.6899999976158142,0.58,0.06,0.79,77.78,35000,60,0.23,0.01
83.43,0.48,0.6,78.94,9.5,123.7,10,0.6,0.6200000047683716,0.48,0.05,0.83,88.89,40000,70,0.21,0.01
83.6,0.47,0.54,81.66,4.79,139.43,10,0.54,0.5799999833106995,0.38,0.05,0.86,100.0,45000,80,0.18,0.01
