Train Accuracy,Train Loss,Evaluation Loss,Evaluation Accuracy,Query Times,Training Times,Cluster Coverage,Log Loss,Diversity Metrics,Entropy Reduction,MAE,Model Confidence,Data Percentage,Data Count,EPOCHS,Top 1 Error,Top 5 Error
69.96,0.86,1.63,56.8,-1.0,6.53,-1,1.62,-1.0,0.56,0.09,0.79,22.22,10000,10,0.43,0.05
89.34,0.33,1.27,68.02,8.08,9.75,10,1.25,0.8199999928474426,0.38,0.07,0.86,33.33,15000,20,0.32,0.04
94.09,0.19,0.98,75.12,6.9,12.95,10,0.97,0.8600000143051147,0.3,0.05,0.89,44.44,20000,30,0.25,0.02
95.85,0.14,0.87,77.58,5.78,16.14,10,0.87,0.8799999952316284,0.26,0.05,0.9,55.56,25000,40,0.22,0.02
97.46,0.09,0.82,79.64,4.62,19.37,10,0.82,0.8899999856948853,0.22,0.04,0.92,66.67,30000,50,0.2,0.01
98.99,0.04,0.78,81.28,3.51,22.58,10,0.79,0.8899999856948853,0.21,0.04,0.92,77.78,35000,60,0.19,0.01
99.87,0.01,0.78,81.78,2.42,25.79,10,0.78,0.8799999952316284,0.2,0.04,0.93,88.89,40000,70,0.18,0.02
99.94,0.0,0.8,81.0,1.23,28.99,10,0.81,0.8600000143051147,0.2,0.04,0.93,100.0,45000,80,0.19,0.02
