Train Accuracy,Train Loss,Evaluation Loss,Evaluation Accuracy,Query Times,Training Times,Cluster Coverage,Log Loss,Diversity Metrics,Entropy Reduction,MAE,Model Confidence,Data Percentage,Data Count,EPOCHS,Top 1 Error,Top 5 Error
67.73,0.92,1.47,57.08,-1.0,6.53,-1,1.47,-1.0,0.68,0.1,0.76,22.22,10000,10,0.43,0.05
89.16,0.33,1.27,68.56,8.02,9.73,10,1.28,0.800000011920929,0.36,0.07,0.87,33.33,15000,20,0.31,0.03
93.96,0.19,0.96,75.84,6.91,12.92,10,0.96,0.8600000143051147,0.29,0.05,0.89,44.44,20000,30,0.24,0.02
95.8,0.14,0.9,77.88,5.73,16.13,10,0.89,0.8799999952316284,0.25,0.05,0.91,55.56,25000,40,0.22,0.02
97.29,0.09,0.82,80.42,4.62,19.3,10,0.81,0.8899999856948853,0.23,0.04,0.91,66.67,30000,50,0.2,0.01
99.01,0.04,0.77,81.64,3.51,22.52,10,0.76,0.8899999856948853,0.2,0.04,0.93,77.78,35000,60,0.18,0.01
99.88,0.01,0.75,81.96,2.36,25.75,10,0.75,0.8799999952316284,0.2,0.04,0.93,88.89,40000,70,0.18,0.01
99.99,0.0,0.73,82.16,1.25,28.94,10,0.73,0.8600000143051147,0.2,0.04,0.93,100.0,45000,80,0.18,0.01
