Train Accuracy,Train Loss,Evaluation Loss,Evaluation Accuracy,Query Times,Training Times,Cluster Coverage,Log Loss,Diversity Metrics,Entropy Reduction,MAE,Model Confidence,Data Percentage,Data Count,EPOCHS,Top 1 Error,Top 5 Error
69.37,0.87,1.41,58.94,-1.0,6.54,-1,1.41,-1.0,0.61,0.09,0.78,22.22,10000,10,0.41,0.05
88.43,0.35,1.22,68.6,8.07,9.77,10,1.23,0.8299999833106995,0.38,0.07,0.86,33.33,15000,20,0.31,0.03
93.91,0.2,1.02,74.24,6.94,13.02,10,1.03,0.8700000047683716,0.29,0.06,0.89,44.44,20000,30,0.26,0.02
95.87,0.13,0.88,77.94,5.98,16.4,10,0.89,0.8799999952316284,0.25,0.05,0.91,55.56,25000,40,0.22,0.01
97.43,0.09,0.83,79.14,4.76,19.65,10,0.83,0.8899999856948853,0.24,0.04,0.91,66.67,30000,50,0.21,0.01
99.11,0.03,0.77,81.42,3.59,22.86,10,0.78,0.8899999856948853,0.2,0.04,0.93,77.78,35000,60,0.19,0.01
99.83,0.01,0.75,81.8,2.43,26.12,10,0.75,0.8799999952316284,0.2,0.04,0.93,88.89,40000,70,0.18,0.01
99.97,0.0,0.81,81.06,1.3,29.26,10,0.82,0.8799999952316284,0.2,0.04,0.93,100.0,45000,80,0.19,0.02
