Train Accuracy,Train Loss,Evaluation Loss,Evaluation Accuracy,Query Times,Training Times,Cluster Coverage,Log Loss,Diversity Metrics,Entropy Reduction,MAE,Model Confidence,Data Percentage,Data Count,EPOCHS,Top 1 Error,Top 5 Error
69.71,0.85,1.44,59.86,-1.0,4.63,-1,1.44,-1.0,0.53,0.09,0.81,22.22,10000,10,0.4,0.04
87.14,0.38,1.22,70.32,5.95,6.86,10,1.22,0.8299999833106995,0.32,0.06,0.88,33.33,15000,20,0.3,0.03
92.67,0.22,0.95,77.8,5.17,9.13,10,0.96,0.8700000047683716,0.22,0.05,0.92,44.44,20000,30,0.22,0.02
94.67,0.16,0.89,78.44,4.37,11.37,10,0.9,0.8799999952316284,0.2,0.05,0.93,55.56,25000,40,0.22,0.01
96.83,0.1,0.74,82.66,3.48,13.61,10,0.75,0.8899999856948853,0.17,0.04,0.94,66.67,30000,50,0.17,0.01
98.28,0.05,0.8,82.64,2.62,15.89,10,0.81,0.8899999856948853,0.15,0.04,0.95,77.78,35000,60,0.17,0.01
99.06,0.03,0.81,83.54,1.79,18.14,10,0.82,0.8799999952316284,0.14,0.03,0.95,88.89,40000,70,0.16,0.01
99.29,0.02,0.79,84.44,0.94,20.4,10,0.8,0.8600000143051147,0.12,0.03,0.96,100.0,45000,80,0.16,0.01
