Train Accuracy,Train Loss,Evaluation Loss,Evaluation Accuracy,Query Times,Training Times,Cluster Coverage,Log Loss,Diversity Metrics,Entropy Reduction,MAE,Model Confidence,Data Percentage,Data Count,EPOCHS,Top 1 Error,Top 5 Error
32.42,1.86,1.57,42.12,-1.0,1.52,-1,1.57,-1.0,1.6,0.14,0.41,22.22,10000,10,0.58,0.09
58.37,1.18,1.24,54.54,3.85,2.21,10,1.24,0.5699999928474426,1.24,0.12,0.55,33.33,15000,20,0.45,0.05
71.94,0.83,1.07,61.12,3.4,2.94,10,1.07,0.6800000071525574,1.03,0.1,0.62,44.44,20000,30,0.39,0.04
78.71,0.63,0.89,67.36,2.9,3.59,10,0.9,0.6700000166893005,0.86,0.08,0.69,55.56,25000,40,0.33,0.02
83.1,0.51,0.84,70.52,2.31,4.32,10,0.84,0.6899999976158142,0.72,0.08,0.74,66.67,30000,50,0.29,0.02
84.9,0.45,0.77,73.42,1.72,4.99,10,0.77,0.6600000262260437,0.6,0.07,0.78,77.78,35000,60,0.27,0.02
85.43,0.42,0.71,75.96,1.18,5.67,10,0.72,0.6700000166893005,0.54,0.06,0.81,88.89,40000,70,0.24,0.01
85.09,0.43,0.68,78.24,0.66,6.41,10,0.68,0.6299999952316284,0.44,0.05,0.84,100.0,45000,80,0.22,0.01
