Train Accuracy,Train Loss,Evaluation Loss,Evaluation Accuracy,Query Times,Training Times,Cluster Coverage,Log Loss,Diversity Metrics,Entropy Reduction,MAE,Model Confidence,Data Percentage,Data Count,EPOCHS,Top 1 Error,Top 5 Error
32.94,1.85,1.52,44.72,-1.0,1.52,-1,1.52,-1.0,1.62,0.14,0.41,22.22,10000,10,0.55,0.09
60.58,1.13,1.25,55.46,4.05,2.21,10,1.25,0.5799999833106995,1.32,0.12,0.52,33.33,15000,20,0.45,0.06
72.65,0.81,1.09,61.24,3.48,2.9,10,1.09,0.6499999761581421,1.11,0.1,0.6,44.44,20000,30,0.39,0.04
79.55,0.62,0.92,67.7,2.86,3.58,10,0.92,0.6399999856948853,0.87,0.09,0.69,55.56,25000,40,0.32,0.03
83.21,0.51,0.82,72.06,2.31,4.31,10,0.82,0.6899999976158142,0.75,0.07,0.73,66.67,30000,50,0.28,0.02
85.11,0.44,0.78,74.06,1.83,4.99,10,0.78,0.6399999856948853,0.59,0.07,0.79,77.78,35000,60,0.26,0.02
85.65,0.42,0.72,76.58,1.18,5.77,10,0.72,0.6600000262260437,0.55,0.06,0.8,88.89,40000,70,0.23,0.02
85.05,0.43,0.69,77.64,0.63,6.57,10,0.69,0.6200000047683716,0.5,0.06,0.82,100.0,45000,80,0.22,0.02
