Train Accuracy,Train Loss,Evaluation Loss,Evaluation Accuracy,Query Times,Training Times,Cluster Coverage,Log Loss,Diversity Metrics,Entropy Reduction,MAE,Model Confidence,Data Percentage,Data Count,EPOCHS,Top 1 Error,Top 5 Error
34.56,1.81,1.48,46.26,-1.0,1.51,-1,1.48,-1.0,1.57,0.14,0.43,22.22,10000,10,0.54,0.08
60.6,1.13,1.22,56.68,3.88,2.21,10,1.23,0.6000000238418579,1.24,0.12,0.55,33.33,15000,20,0.43,0.05
72.23,0.82,1.01,64.2,3.31,2.9,10,1.02,0.6700000166893005,1.05,0.1,0.62,44.44,20000,30,0.36,0.04
79.18,0.63,0.92,68.1,2.86,3.6,10,0.92,0.6800000071525574,0.87,0.09,0.69,55.56,25000,40,0.32,0.03
82.84,0.52,0.84,70.98,2.29,4.29,10,0.84,0.6600000262260437,0.76,0.08,0.73,66.67,30000,50,0.29,0.03
84.49,0.45,0.8,73.1,1.74,5.0,10,0.8,0.6700000166893005,0.58,0.07,0.79,77.78,35000,60,0.27,0.02
85.23,0.43,0.73,75.88,1.16,5.7,10,0.73,0.6700000166893005,0.53,0.06,0.81,88.89,40000,70,0.24,0.02
84.83,0.43,0.7,77.24,0.65,6.39,10,0.71,0.6100000143051147,0.46,0.06,0.83,100.0,45000,80,0.23,0.02
