Train Accuracy,Train Loss,Evaluation Loss,Evaluation Accuracy,Query Times,Training Times,Cluster Coverage,Log Loss,Diversity Metrics,Entropy Reduction,MAE,Model Confidence,Data Percentage,Data Count,EPOCHS,Top 1 Error,Top 5 Error
32.46,1.86,1.52,45.74,-1.0,1.52,-1,1.52,-1.0,1.61,0.14,0.41,22.22,10000,10,0.54,0.09
59.99,1.15,1.27,55.28,3.95,2.23,10,1.26,0.5799999833106995,1.36,0.12,0.51,33.33,15000,20,0.45,0.05
71.71,0.83,1.07,62.68,3.35,2.9,10,1.07,0.6299999952316284,1.07,0.1,0.62,44.44,20000,30,0.37,0.04
78.73,0.63,0.9,68.14,2.95,3.6,10,0.9,0.6800000071525574,0.91,0.09,0.67,55.56,25000,40,0.32,0.03
82.98,0.51,0.8,71.96,2.41,4.29,10,0.8,0.6700000166893005,0.74,0.07,0.73,66.67,30000,50,0.28,0.02
84.86,0.45,0.75,74.04,1.76,5.04,10,0.75,0.6399999856948853,0.62,0.07,0.77,77.78,35000,60,0.26,0.02
85.5,0.42,0.71,76.16,1.24,5.72,10,0.72,0.6200000047683716,0.51,0.06,0.82,88.89,40000,70,0.24,0.02
85.11,0.43,0.65,77.58,0.66,6.41,10,0.66,0.6399999856948853,0.46,0.05,0.83,100.0,45000,80,0.22,0.01
