Train Accuracy,Train Loss,Evaluation Loss,Evaluation Accuracy,Query Times,Training Times,Cluster Coverage,Log Loss,Diversity Metrics,Entropy Reduction,MAE,Model Confidence,Data Percentage,Data Count,EPOCHS,Top 1 Error,Top 5 Error
10.16,2.32,2.31,10.4,-1.0,7.18,-1,2.31,-1.0,2.3,0.18,0.12,22.22,10000,10,0.9,0.49
13.06,2.25,2.03,19.94,10.33,10.97,10,2.02,0.009999999776482582,2.06,0.17,0.2,33.33,15000,20,0.8,0.21
27.7,1.83,1.66,36.06,9.66,14.53,10,1.64,0.27000001072883606,1.62,0.15,0.38,44.44,20000,30,0.64,0.1
44.53,1.47,1.44,47.68,7.77,18.14,10,1.43,0.550000011920929,1.33,0.13,0.5,55.56,25000,40,0.52,0.07
57.48,1.17,1.09,61.56,6.07,21.74,10,1.07,0.6700000166893005,1.04,0.1,0.62,66.67,30000,50,0.38,0.04
67.42,0.92,0.95,67.46,4.2,25.44,10,0.92,0.7599999904632568,0.85,0.09,0.69,77.78,35000,60,0.33,0.03
74.8,0.72,0.89,70.9,3.33,28.91,10,0.86,0.7900000214576721,0.65,0.07,0.76,88.89,40000,70,0.29,0.03
81.38,0.55,0.92,72.12,1.6,32.3,10,0.89,0.8199999928474426,0.49,0.06,0.82,100.0,45000,80,0.28,0.03
